Accession,Organism_Name,Host_label,pred_classifier_logit,pred_classifier_prob,spillover_total,spillover_host_score,spillover_env_score,spillover_virus_score
MW218395,Tylonycteris bat coronavirus HKU4,0.0,-0.1416015625,0.4646586421213344,53.733273722263,18.450720094333,9.8599848246667,25.422568803263
EF065505,Tylonycteris bat coronavirus HKU4,0.0,-0.26171875,0.4349412484136216,53.733273722263,18.450720094333,9.8599848246667,25.422568803263
PP458387,Simian immunodeficiency virus,0.0,-3.765625,0.022629200033037256,84.782999107138,30.111595197208,18.904492833333,35.766911076597
PP458405,Simian immunodeficiency virus,0.0,-3.796875,0.02194825371486785,84.782999107138,30.111595197208,18.904492833333,35.766911076597
PP458411,Simian immunodeficiency virus,0.0,-3.75,0.022977369910025615,84.782999107138,30.111595197208,18.904492833333,35.766911076597
PP458412,Simian immunodeficiency virus,0.0,-3.75,0.022977369910025615,84.782999107138,30.111595197208,18.904492833333,35.766911076597
PP458474,Simian immunodeficiency virus,0.0,-3.75,0.022977369910025615,84.782999107138,30.111595197208,18.904492833333,35.766911076597
PP486516,Simian immunodeficiency virus,0.0,-3.6875,0.02442309005410721,84.782999107138,30.111595197208,18.904492833333,35.766911076597
PP486531,Simian immunodeficiency virus,0.0,-3.6875,0.02442309005410721,84.782999107138,30.111595197208,18.904492833333,35.766911076597
PP486532,Simian immunodeficiency virus,0.0,-3.6875,0.02442309005410721,84.782999107138,30.111595197208,18.904492833333,35.766911076597
PP486540,Simian immunodeficiency virus,0.0,-3.6875,0.02442309005410721,84.782999107138,30.111595197208,18.904492833333,35.766911076597
PP486549,Simian immunodeficiency virus,0.0,-3.6875,0.02442309005410721,84.782999107138,30.111595197208,18.904492833333,35.766911076597
PP486577,Simian immunodeficiency virus,0.0,-3.671875,0.02479816019558566,84.782999107138,30.111595197208,18.904492833333,35.766911076597
PP486650,Simian immunodeficiency virus,0.0,-3.6875,0.02442309005410721,84.782999107138,30.111595197208,18.904492833333,35.766911076597
PP486666,Simian immunodeficiency virus,0.0,-3.6875,0.02442309005410721,84.782999107138,30.111595197208,18.904492833333,35.766911076597
PP486669,Simian immunodeficiency virus,0.0,-3.6875,0.02442309005410721,84.782999107138,30.111595197208,18.904492833333,35.766911076597
PP486677,Simian immunodeficiency virus,0.0,-3.6875,0.02442309005410721,84.782999107138,30.111595197208,18.904492833333,35.766911076597
PP486704,Simian immunodeficiency virus,0.0,-3.6875,0.02442309005410721,84.782999107138,30.111595197208,18.904492833333,35.766911076597
PP486747,Simian immunodeficiency virus,0.0,-3.6875,0.02442309005410721,84.782999107138,30.111595197208,18.904492833333,35.766911076597
PP486778,Simian immunodeficiency virus,0.0,-3.6875,0.02442309005410721,84.782999107138,30.111595197208,18.904492833333,35.766911076597
PP486790,Simian immunodeficiency virus,0.0,-3.6875,0.02442309005410721,84.782999107138,30.111595197208,18.904492833333,35.766911076597
PP486793,Simian immunodeficiency virus,0.0,-3.6875,0.02442309005410721,84.782999107138,30.111595197208,18.904492833333,35.766911076597
PP486807,Simian immunodeficiency virus,0.0,-3.6875,0.02442309005410721,84.782999107138,30.111595197208,18.904492833333,35.766911076597
PP486827,Simian immunodeficiency virus,0.0,-3.6875,0.02442309005410721,84.782999107138,30.111595197208,18.904492833333,35.766911076597
PP486841,Simian immunodeficiency virus,0.0,-3.6875,0.02442309005410721,84.782999107138,30.111595197208,18.904492833333,35.766911076597
PP486891,Simian immunodeficiency virus,0.0,-3.6875,0.02442309005410721,84.782999107138,30.111595197208,18.904492833333,35.766911076597
PP486904,Simian immunodeficiency virus,0.0,-3.6875,0.02442309005410721,84.782999107138,30.111595197208,18.904492833333,35.766911076597
PP486905,Simian immunodeficiency virus,0.0,-3.6875,0.02442309005410721,84.782999107138,30.111595197208,18.904492833333,35.766911076597
PP486911,Simian immunodeficiency virus,0.0,-3.6875,0.02442309005410721,84.782999107138,30.111595197208,18.904492833333,35.766911076597
PP486919,Simian immunodeficiency virus,0.0,-3.6875,0.02442309005410721,84.782999107138,30.111595197208,18.904492833333,35.766911076597
PP486975,Simian immunodeficiency virus,0.0,-3.734375,0.02333076880848049,84.782999107138,30.111595197208,18.904492833333,35.766911076597
PP486979,Simian immunodeficiency virus,0.0,-3.6875,0.02442309005410721,84.782999107138,30.111595197208,18.904492833333,35.766911076597
PP487002,Simian immunodeficiency virus,0.0,-3.6875,0.02442309005410721,84.782999107138,30.111595197208,18.904492833333,35.766911076597
PP487005,Simian immunodeficiency virus,0.0,-3.6875,0.02442309005410721,84.782999107138,30.111595197208,18.904492833333,35.766911076597
PP487015,Simian immunodeficiency virus,0.0,-3.6875,0.02442309005410721,84.782999107138,30.111595197208,18.904492833333,35.766911076597
PP487030,Simian immunodeficiency virus,0.0,-3.6875,0.02442309005410721,84.782999107138,30.111595197208,18.904492833333,35.766911076597
PP487034,Simian immunodeficiency virus,0.0,-3.6875,0.02442309005410721,84.782999107138,30.111595197208,18.904492833333,35.766911076597
PP487148,Simian immunodeficiency virus,0.0,-3.71875,0.023689471299374428,84.782999107138,30.111595197208,18.904492833333,35.766911076597
PP487157,Simian immunodeficiency virus,0.0,-3.734375,0.02333076880848049,84.782999107138,30.111595197208,18.904492833333,35.766911076597
PP487256,Simian immunodeficiency virus,0.0,-3.734375,0.02333076880848049,84.782999107138,30.111595197208,18.904492833333,35.766911076597
PP487259,Simian immunodeficiency virus,0.0,-3.71875,0.023689471299374428,84.782999107138,30.111595197208,18.904492833333,35.766911076597
PP487283,Simian immunodeficiency virus,0.0,-3.71875,0.023689471299374428,84.782999107138,30.111595197208,18.904492833333,35.766911076597
PP487285,Simian immunodeficiency virus,0.0,-3.71875,0.023689471299374428,84.782999107138,30.111595197208,18.904492833333,35.766911076597
PP487296,Simian immunodeficiency virus,0.0,-3.71875,0.023689471299374428,84.782999107138,30.111595197208,18.904492833333,35.766911076597
PP487392,Simian immunodeficiency virus,0.0,-3.734375,0.02333076880848049,84.782999107138,30.111595197208,18.904492833333,35.766911076597
PP487400,Simian immunodeficiency virus,0.0,-3.75,0.022977369910025615,84.782999107138,30.111595197208,18.904492833333,35.766911076597
PP487423,Simian immunodeficiency virus,0.0,-3.75,0.022977369910025615,84.782999107138,30.111595197208,18.904492833333,35.766911076597
PP487431,Simian immunodeficiency virus,0.0,-3.734375,0.02333076880848049,84.782999107138,30.111595197208,18.904492833333,35.766911076597
PP487445,Simian immunodeficiency virus,0.0,-3.75,0.022977369910025615,84.782999107138,30.111595197208,18.904492833333,35.766911076597
PP487451,Simian immunodeficiency virus,0.0,-3.703125,0.024053552894426174,84.782999107138,30.111595197208,18.904492833333,35.766911076597
PP487491,Simian immunodeficiency virus,0.0,-3.703125,0.024053552894426174,84.782999107138,30.111595197208,18.904492833333,35.766911076597
PP487495,Simian immunodeficiency virus,0.0,-3.703125,0.024053552894426174,84.782999107138,30.111595197208,18.904492833333,35.766911076597
PP487504,Simian immunodeficiency virus,0.0,-3.703125,0.024053552894426174,84.782999107138,30.111595197208,18.904492833333,35.766911076597
PP487506,Simian immunodeficiency virus,0.0,-3.703125,0.024053552894426174,84.782999107138,30.111595197208,18.904492833333,35.766911076597
PP487509,Simian immunodeficiency virus,0.0,-3.703125,0.024053552894426174,84.782999107138,30.111595197208,18.904492833333,35.766911076597
PP487510,Simian immunodeficiency virus,0.0,-3.703125,0.024053552894426174,84.782999107138,30.111595197208,18.904492833333,35.766911076597
PP487538,Simian immunodeficiency virus,0.0,-3.703125,0.024053552894426174,84.782999107138,30.111595197208,18.904492833333,35.766911076597
PP487556,Simian immunodeficiency virus,0.0,-3.734375,0.02333076880848049,84.782999107138,30.111595197208,18.904492833333,35.766911076597
PP487577,Simian immunodeficiency virus,0.0,-3.703125,0.024053552894426174,84.782999107138,30.111595197208,18.904492833333,35.766911076597
PP487590,Simian immunodeficiency virus,0.0,-3.703125,0.024053552894426174,84.782999107138,30.111595197208,18.904492833333,35.766911076597
PP487649,Simian immunodeficiency virus,0.0,-3.671875,0.02479816019558566,84.782999107138,30.111595197208,18.904492833333,35.766911076597
PP487651,Simian immunodeficiency virus,0.0,-3.703125,0.024053552894426174,84.782999107138,30.111595197208,18.904492833333,35.766911076597
PP487662,Simian immunodeficiency virus,0.0,-3.703125,0.024053552894426174,84.782999107138,30.111595197208,18.904492833333,35.766911076597
PP487685,Simian immunodeficiency virus,0.0,-3.703125,0.024053552894426174,84.782999107138,30.111595197208,18.904492833333,35.766911076597
PP487709,Simian immunodeficiency virus,0.0,-3.703125,0.024053552894426174,84.782999107138,30.111595197208,18.904492833333,35.766911076597
PP487718,Simian immunodeficiency virus,0.0,-3.703125,0.024053552894426174,84.782999107138,30.111595197208,18.904492833333,35.766911076597
PP487783,Simian immunodeficiency virus,0.0,-3.703125,0.024053552894426174,84.782999107138,30.111595197208,18.904492833333,35.766911076597
PP487789,Simian immunodeficiency virus,0.0,-3.703125,0.024053552894426174,84.782999107138,30.111595197208,18.904492833333,35.766911076597
PP487827,Simian immunodeficiency virus,0.0,-3.703125,0.024053552894426174,84.782999107138,30.111595197208,18.904492833333,35.766911076597
PP487852,Simian immunodeficiency virus,0.0,-3.703125,0.024053552894426174,84.782999107138,30.111595197208,18.904492833333,35.766911076597
PP487871,Simian immunodeficiency virus,0.0,-3.703125,0.024053552894426174,84.782999107138,30.111595197208,18.904492833333,35.766911076597
PP487888,Simian immunodeficiency virus,0.0,-3.703125,0.024053552894426174,84.782999107138,30.111595197208,18.904492833333,35.766911076597
PP487916,Simian immunodeficiency virus,0.0,-3.703125,0.024053552894426174,84.782999107138,30.111595197208,18.904492833333,35.766911076597
PP487935,Simian immunodeficiency virus,0.0,-3.703125,0.024053552894426174,84.782999107138,30.111595197208,18.904492833333,35.766911076597
PP487936,Simian immunodeficiency virus,0.0,-3.703125,0.024053552894426174,84.782999107138,30.111595197208,18.904492833333,35.766911076597
PP488044,Simian immunodeficiency virus,0.0,-3.703125,0.024053552894426174,84.782999107138,30.111595197208,18.904492833333,35.766911076597
PP488087,Simian immunodeficiency virus,0.0,-3.703125,0.024053552894426174,84.782999107138,30.111595197208,18.904492833333,35.766911076597
PP488111,Simian immunodeficiency virus,0.0,-3.703125,0.024053552894426174,84.782999107138,30.111595197208,18.904492833333,35.766911076597
PP488140,Simian immunodeficiency virus,0.0,-3.703125,0.024053552894426174,84.782999107138,30.111595197208,18.904492833333,35.766911076597
PP488157,Simian immunodeficiency virus,0.0,-3.703125,0.024053552894426174,84.782999107138,30.111595197208,18.904492833333,35.766911076597
PP488174,Simian immunodeficiency virus,0.0,-3.703125,0.024053552894426174,84.782999107138,30.111595197208,18.904492833333,35.766911076597
PP488183,Simian immunodeficiency virus,0.0,-3.703125,0.024053552894426174,84.782999107138,30.111595197208,18.904492833333,35.766911076597
PP488217,Simian immunodeficiency virus,0.0,-3.703125,0.024053552894426174,84.782999107138,30.111595197208,18.904492833333,35.766911076597
MN442634,Simian immunodeficiency virus,0.0,-3.6875,0.02442309005410721,84.782999107138,30.111595197208,18.904492833333,35.766911076597
MN442698,Simian immunodeficiency virus,0.0,-3.6875,0.02442309005410721,84.782999107138,30.111595197208,18.904492833333,35.766911076597
MN442703,Simian immunodeficiency virus,0.0,-3.6875,0.02442309005410721,84.782999107138,30.111595197208,18.904492833333,35.766911076597
MN442829,Simian immunodeficiency virus,0.0,-3.6875,0.02442309005410721,84.782999107138,30.111595197208,18.904492833333,35.766911076597
MN442900,Simian immunodeficiency virus,0.0,-3.671875,0.02479816019558566,84.782999107138,30.111595197208,18.904492833333,35.766911076597
MN442902,Simian immunodeficiency virus,0.0,-3.71875,0.023689471299374428,84.782999107138,30.111595197208,18.904492833333,35.766911076597
KR862334,Simian immunodeficiency virus,0.0,-2.15625,0.10374862686637973,84.782999107138,30.111595197208,18.904492833333,35.766911076597
KR862359,Simian immunodeficiency virus,0.0,-2.125,0.10669059394565118,84.782999107138,30.111595197208,18.904492833333,35.766911076597
KC522238,Simian immunodeficiency virus,0.0,-3.5625,0.02758528222678999,84.782999107138,30.111595197208,18.904492833333,35.766911076597
JN835460,Simian immunodeficiency virus,0.0,-3.53125,0.02843603304485266,84.782999107138,30.111595197208,18.904492833333,35.766911076597
FJ424864,Simian immunodeficiency virus,0.0,-3.703125,0.024053552894426174,84.782999107138,30.111595197208,18.904492833333,35.766911076597
DQ201174,Simian immunodeficiency virus,0.0,-2.296875,0.09138210306717136,84.782999107138,30.111595197208,18.904492833333,35.766911076597
AY576481,Simian immunodeficiency virus,0.0,-3.6875,0.02442309005410721,84.782999107138,30.111595197208,18.904492833333,35.766911076597
AY597209,Simian immunodeficiency virus,0.0,-3.703125,0.024053552894426174,84.782999107138,30.111595197208,18.904492833333,35.766911076597
AY600249,Simian immunodeficiency virus,0.0,-3.625,0.025957357197796852,84.782999107138,30.111595197208,18.904492833333,35.766911076597
AY159321,Simian immunodeficiency virus,0.0,-3.390625,0.032589744766025344,84.782999107138,30.111595197208,18.904492833333,35.766911076597
AF468659,Simian immunodeficiency virus,0.0,-3.203125,0.03904829272622639,84.782999107138,30.111595197208,18.904492833333,35.766911076597
AF075269,Simian immunodeficiency virus,0.0,-2.03125,0.11596071825396675,84.782999107138,30.111595197208,18.904492833333,35.766911076597
M31325,Simian immunodeficiency virus,0.0,-2.46875,0.07807816514495095,84.782999107138,30.111595197208,18.904492833333,35.766911076597
MF621235,Simian foamy virus,0.0,-1.796875,0.14223189500989633,83.992797394227,29.834723216583,18.904492833333,35.25358134431
MF472626,Simian foamy virus,1.0,-2.71875,0.06187598572364272,83.992797394227,29.834723216583,18.904492833333,35.25358134431
MK241969,Simian foamy virus,0.0,-2.546875,0.07263670636078698,83.992797394227,29.834723216583,18.904492833333,35.25358134431
MG051205,Simian foamy virus,0.0,-2.375,0.08509904500702024,83.992797394227,29.834723216583,18.904492833333,35.25358134431
MH368762,Simian foamy virus,0.0,-2.15625,0.10374862686637973,83.992797394227,29.834723216583,18.904492833333,35.25358134431
LC094267,Simian foamy virus,0.0,-2.4375,0.08035746882220708,83.992797394227,29.834723216583,18.904492833333,35.25358134431
JQ867462,Simian foamy virus,1.0,-2.734375,0.06097518086496481,83.992797394227,29.834723216583,18.904492833333,35.25358134431
JQ867464,Simian foamy virus,1.0,-2.75,0.06008665017400762,83.992797394227,29.834723216583,18.904492833333,35.25358134431
JQ867465,Simian foamy virus,1.0,-2.75,0.06008665017400762,83.992797394227,29.834723216583,18.904492833333,35.25358134431
PQ489024,Severe acute respiratory syndrome coronavirus 2,1.0,-0.546875,0.36658973632215985,97.432193382763,31.418863620833,16.750419483667,49.262910278263
BS012807,Severe acute respiratory syndrome coronavirus 2,1.0,-2.109375,0.10818895456207037,97.432193382763,31.418863620833,16.750419483667,49.262910278263
OY934477,Severe acute respiratory syndrome coronavirus 2,1.0,-0.62890625,0.34775858364472695,97.432193382763,31.418863620833,16.750419483667,49.262910278263
OY936347,Severe acute respiratory syndrome coronavirus 2,1.0,-1.59375,0.16885695214168317,97.432193382763,31.418863620833,16.750419483667,49.262910278263
OY952276,Severe acute respiratory syndrome coronavirus 2,1.0,-1.0546875,0.2583259885691872,97.432193382763,31.418863620833,16.750419483667,49.262910278263
OY964438,Severe acute respiratory syndrome coronavirus 2,1.0,-1.1484375,0.24077459577038227,97.432193382763,31.418863620833,16.750419483667,49.262910278263
OY965637,Severe acute respiratory syndrome coronavirus 2,1.0,-1.3125,0.21206880435710532,97.432193382763,31.418863620833,16.750419483667,49.262910278263
OY893393,Severe acute respiratory syndrome coronavirus 2,1.0,-1.703125,0.15405756269148543,97.432193382763,31.418863620833,16.750419483667,49.262910278263
OY894031,Severe acute respiratory syndrome coronavirus 2,1.0,-2.546875,0.07263670636078698,97.432193382763,31.418863620833,16.750419483667,49.262910278263
OY902333,Severe acute respiratory syndrome coronavirus 2,1.0,-1.6015625,0.16776334721819922,97.432193382763,31.418863620833,16.750419483667,49.262910278263
OY903780,Severe acute respiratory syndrome coronavirus 2,1.0,-1.609375,0.1666754046879767,97.432193382763,31.418863620833,16.750419483667,49.262910278263
OY892365,Severe acute respiratory syndrome coronavirus 2,1.0,-1.21875,0.22815650216092537,97.432193382763,31.418863620833,16.750419483667,49.262910278263
OY857713,Severe acute respiratory syndrome coronavirus 2,1.0,-0.64453125,0.34422296364945776,97.432193382763,31.418863620833,16.750419483667,49.262910278263
OR648749,Severe acute respiratory syndrome coronavirus 2,1.0,-0.6015625,0.3539862998097729,97.432193382763,31.418863620833,16.750419483667,49.262910278263
OY723165,Severe acute respiratory syndrome coronavirus 2,1.0,-2.3125,0.09009299396195182,97.432193382763,31.418863620833,16.750419483667,49.262910278263
OY678818,Severe acute respiratory syndrome coronavirus 2,1.0,-1.625,0.16451646289656316,97.432193382763,31.418863620833,16.750419483667,49.262910278263
OY683277,Severe acute respiratory syndrome coronavirus 2,1.0,-0.92578125,0.2837813906831087,97.432193382763,31.418863620833,16.750419483667,49.262910278263
OY694331,Severe acute respiratory syndrome coronavirus 2,1.0,-0.85546875,0.2982869221861587,97.432193382763,31.418863620833,16.750419483667,49.262910278263
OY642380,Severe acute respiratory syndrome coronavirus 2,1.0,-1.09375,0.25091278688527247,97.432193382763,31.418863620833,16.750419483667,49.262910278263
OY644516,Severe acute respiratory syndrome coronavirus 2,1.0,-1.2109375,0.22953521316645245,97.432193382763,31.418863620833,16.750419483667,49.262910278263
OY595783,Severe acute respiratory syndrome coronavirus 2,1.0,-1.9296875,0.126785173178859,97.432193382763,31.418863620833,16.750419483667,49.262910278263
OY561215,Severe acute respiratory syndrome coronavirus 2,1.0,-1.0390625,0.26133092567451033,97.432193382763,31.418863620833,16.750419483667,49.262910278263
OY513781,Severe acute respiratory syndrome coronavirus 2,1.0,-1.2109375,0.22953521316645245,97.432193382763,31.418863620833,16.750419483667,49.262910278263
OY460304,Severe acute respiratory syndrome coronavirus 2,1.0,-1.6171875,0.16559311363082369,97.432193382763,31.418863620833,16.750419483667,49.262910278263
OY408270,Severe acute respiratory syndrome coronavirus 2,1.0,-1.7109375,0.15304215724489628,97.432193382763,31.418863620833,16.750419483667,49.262910278263
OR303816,Severe acute respiratory syndrome coronavirus 2,1.0,-0.50390625,0.3766231256270549,97.432193382763,31.418863620833,16.750419483667,49.262910278263
OY382911,Severe acute respiratory syndrome coronavirus 2,1.0,-1.0,0.2689414213699951,97.432193382763,31.418863620833,16.750419483667,49.262910278263
OY390087,Severe acute respiratory syndrome coronavirus 2,1.0,-1.1796875,0.23510838921999314,97.432193382763,31.418863620833,16.750419483667,49.262910278263
OY313246,Severe acute respiratory syndrome coronavirus 2,1.0,-1.4921875,0.1835936226341961,97.432193382763,31.418863620833,16.750419483667,49.262910278263
OY290097,Severe acute respiratory syndrome coronavirus 2,1.0,-1.578125,0.17106119167858438,97.432193382763,31.418863620833,16.750419483667,49.262910278263
OX971279,Severe acute respiratory syndrome coronavirus 2,1.0,-1.7109375,0.15304215724489628,97.432193382763,31.418863620833,16.750419483667,49.262910278263
OX972914,Severe acute respiratory syndrome coronavirus 2,1.0,-0.6640625,0.3398276185853647,97.432193382763,31.418863620833,16.750419483667,49.262910278263
OX973879,Severe acute respiratory syndrome coronavirus 2,1.0,-1.21875,0.22815650216092537,97.432193382763,31.418863620833,16.750419483667,49.262910278263
OX979878,Severe acute respiratory syndrome coronavirus 2,1.0,-0.85546875,0.2982869221861587,97.432193382763,31.418863620833,16.750419483667,49.262910278263
OX793457,Severe acute respiratory syndrome coronavirus 2,1.0,-1.171875,0.2365162364457076,97.432193382763,31.418863620833,16.750419483667,49.262910278263
OX795510,Severe acute respiratory syndrome coronavirus 2,1.0,-1.8671875,0.13386748775351784,97.432193382763,31.418863620833,16.750419483667,49.262910278263
OX810040,Severe acute respiratory syndrome coronavirus 2,1.0,-0.9453125,0.27982849245819874,97.432193382763,31.418863620833,16.750419483667,49.262910278263
OX883454,Severe acute respiratory syndrome coronavirus 2,1.0,-1.7421875,0.14903529447863062,97.432193382763,31.418863620833,16.750419483667,49.262910278263
OX888386,Severe acute respiratory syndrome coronavirus 2,1.0,-1.265625,0.22000709974589316,97.432193382763,31.418863620833,16.750419483667,49.262910278263
OX695992,Severe acute respiratory syndrome coronavirus 2,1.0,-2.21875,0.09807932347046004,97.432193382763,31.418863620833,16.750419483667,49.262910278263
OX719728,Severe acute respiratory syndrome coronavirus 2,1.0,-2.671875,0.06465348835622392,97.432193382763,31.418863620833,16.750419483667,49.262910278263
OX724552,Severe acute respiratory syndrome coronavirus 2,1.0,-1.7734375,0.14511536292037014,97.432193382763,31.418863620833,16.750419483667,49.262910278263
OX657908,Severe acute respiratory syndrome coronavirus 2,1.0,-1.3515625,0.20561503957001767,97.432193382763,31.418863620833,16.750419483667,49.262910278263
OX610411,Severe acute respiratory syndrome coronavirus 2,1.0,-1.8203125,0.13939637966532398,97.432193382763,31.418863620833,16.750419483667,49.262910278263
OX581257,Severe acute respiratory syndrome coronavirus 2,1.0,-1.0703125,0.25534365985620666,97.432193382763,31.418863620833,16.750419483667,49.262910278263
OX519736,Severe acute respiratory syndrome coronavirus 2,1.0,-1.0390625,0.26133092567451033,97.432193382763,31.418863620833,16.750419483667,49.262910278263
OX481467,Severe acute respiratory syndrome coronavirus 2,1.0,-0.96484375,0.27590944429596825,97.432193382763,31.418863620833,16.750419483667,49.262910278263
OQ082716,Severe acute respiratory syndrome coronavirus 2,1.0,-1.234375,0.2254166158350767,97.432193382763,31.418863620833,16.750419483667,49.262910278263
OP783513,Severe acute respiratory syndrome coronavirus 2,1.0,-0.9375,0.28140560742914383,97.432193382763,31.418863620833,16.750419483667,49.262910278263
OP367328,Severe acute respiratory syndrome coronavirus 2,1.0,-0.953125,0.2782567937024021,97.432193382763,31.418863620833,16.750419483667,49.262910278263
OP285732,Severe acute respiratory syndrome coronavirus 2,1.0,-0.8203125,0.3056973288424214,97.432193382763,31.418863620833,16.750419483667,49.262910278263
OP139200,Severe acute respiratory syndrome coronavirus 2,1.0,-0.89453125,0.29017562235469585,97.432193382763,31.418863620833,16.750419483667,49.262910278263
OP126922,Severe acute respiratory syndrome coronavirus 2,1.0,-0.94921875,0.27904196480095,97.432193382763,31.418863620833,16.750419483667,49.262910278263
OP112262,Severe acute respiratory syndrome coronavirus 2,1.0,-0.9375,0.28140560742914383,97.432193382763,31.418863620833,16.750419483667,49.262910278263
OP063723,Severe acute respiratory syndrome coronavirus 2,1.0,-0.7734375,0.3157359755213872,97.432193382763,31.418863620833,16.750419483667,49.262910278263
OP069339,Severe acute respiratory syndrome coronavirus 2,1.0,-0.9296875,0.28298811828270554,97.432193382763,31.418863620833,16.750419483667,49.262910278263
OP007809,Severe acute respiratory syndrome coronavirus 2,1.0,-0.94140625,0.28061637417656055,97.432193382763,31.418863620833,16.750419483667,49.262910278263
ON845973,Severe acute respiratory syndrome coronavirus 2,1.0,-0.94921875,0.27904196480095,97.432193382763,31.418863620833,16.750419483667,49.262910278263
ON821337,Severe acute respiratory syndrome coronavirus 2,1.0,-0.98828125,0.2712516965968936,97.432193382763,31.418863620833,16.750419483667,49.262910278263
ON825727,Severe acute respiratory syndrome coronavirus 2,1.0,-0.83203125,0.3032157444273775,97.432193382763,31.418863620833,16.750419483667,49.262910278263
OX080137,Severe acute respiratory syndrome coronavirus 2,1.0,-2.296875,0.09138210306717136,97.432193382763,31.418863620833,16.750419483667,49.262910278263
ON648240,Severe acute respiratory syndrome coronavirus 2,1.0,-0.97265625,0.2743513719586294,97.432193382763,31.418863620833,16.750419483667,49.262910278263
ON589039,Severe acute respiratory syndrome coronavirus 2,1.0,-1.0234375,0.2643583582610753,97.432193382763,31.418863620833,16.750419483667,49.262910278263
ON504091,Severe acute respiratory syndrome coronavirus 2,1.0,-0.96875,0.27512972382317524,97.432193382763,31.418863620833,16.750419483667,49.262910278263
ON417879,Severe acute respiratory syndrome coronavirus 2,1.0,-0.95703125,0.27747298163087125,97.432193382763,31.418863620833,16.750419483667,49.262910278263
ON343269,Severe acute respiratory syndrome coronavirus 2,1.0,-1.0625,0.25683199138751883,97.432193382763,31.418863620833,16.750419483667,49.262910278263
ON291155,Severe acute respiratory syndrome coronavirus 2,1.0,-0.96875,0.27512972382317524,97.432193382763,31.418863620833,16.750419483667,49.262910278263
ON294677,Severe acute respiratory syndrome coronavirus 2,1.0,-1.1328125,0.24364243753740636,97.432193382763,31.418863620833,16.750419483667,49.262910278263
ON250250,Severe acute respiratory syndrome coronavirus 2,1.0,-1.046875,0.2598256379609837,97.432193382763,31.418863620833,16.750419483667,49.262910278263
OW483755,Severe acute respiratory syndrome coronavirus 2,1.0,0.1318359375,0.5329113296427092,97.432193382763,31.418863620833,16.750419483667,49.262910278263
OW517144,Severe acute respiratory syndrome coronavirus 2,1.0,-1.4375,0.19193278644723683,97.432193382763,31.418863620833,16.750419483667,49.262910278263
ON234665,Severe acute respiratory syndrome coronavirus 2,1.0,-0.921875,0.28457600421652673,97.432193382763,31.418863620833,16.750419483667,49.262910278263
ON043461,Severe acute respiratory syndrome coronavirus 2,1.0,-1.2578125,0.22135068799782798,97.432193382763,31.418863620833,16.750419483667,49.262910278263
OW120798,Severe acute respiratory syndrome coronavirus 2,1.0,-1.8203125,0.13939637966532398,97.432193382763,31.418863620833,16.750419483667,49.262910278263
OM694608,Severe acute respiratory syndrome coronavirus 2,1.0,-1.1328125,0.24364243753740636,97.432193382763,31.418863620833,16.750419483667,49.262910278263
OM644991,Severe acute respiratory syndrome coronavirus 2,1.0,-0.9375,0.28140560742914383,97.432193382763,31.418863620833,16.750419483667,49.262910278263
OM539895,Severe acute respiratory syndrome coronavirus 2,1.0,-0.83203125,0.3032157444273775,97.432193382763,31.418863620833,16.750419483667,49.262910278263
OM534151,Severe acute respiratory syndrome coronavirus 2,1.0,-1.1171875,0.24653334600973578,97.432193382763,31.418863620833,16.750419483667,49.262910278263
OM492499,Severe acute respiratory syndrome coronavirus 2,1.0,-0.8671875,0.2958398615564072,97.432193382763,31.418863620833,16.750419483667,49.262910278263
OM349709,Severe acute respiratory syndrome coronavirus 2,1.0,-1.2578125,0.22135068799782798,97.432193382763,31.418863620833,16.750419483667,49.262910278263
OM285343,Severe acute respiratory syndrome coronavirus 2,1.0,-0.5,0.3775406687981454,97.432193382763,31.418863620833,16.750419483667,49.262910278263
OM122384,Severe acute respiratory syndrome coronavirus 2,1.0,-0.5546875,0.3647775585204021,97.432193382763,31.418863620833,16.750419483667,49.262910278263
OM097721,Severe acute respiratory syndrome coronavirus 2,1.0,-0.5,0.3775406687981454,97.432193382763,31.418863620833,16.750419483667,49.262910278263
OV305959,Severe acute respiratory syndrome coronavirus 2,1.0,-1.2265625,0.22678363486528472,97.432193382763,31.418863620833,16.750419483667,49.262910278263
OM045999,Severe acute respiratory syndrome coronavirus 2,1.0,-0.71484375,0.3285294332643027,97.432193382763,31.418863620833,16.750419483667,49.262910278263
OL998035,Severe acute respiratory syndrome coronavirus 2,1.0,-0.53125,0.3702253925955866,97.432193382763,31.418863620833,16.750419483667,49.262910278263
OL875744,Severe acute respiratory syndrome coronavirus 2,1.0,-0.83203125,0.3032157444273775,97.432193382763,31.418863620833,16.750419483667,49.262910278263
MZ493986,Severe acute respiratory syndrome coronavirus 2,1.0,-0.5,0.3775406687981454,97.432193382763,31.418863620833,16.750419483667,49.262910278263
MZ331117,Severe acute respiratory syndrome coronavirus 2,1.0,-1.078125,0.25386100696924885,97.432193382763,31.418863620833,16.750419483667,49.262910278263
MZ307462,Severe acute respiratory syndrome coronavirus 2,1.0,-1.15625,0.23934934732271168,97.432193382763,31.418863620833,16.750419483667,49.262910278263
OU030217,Severe acute respiratory syndrome coronavirus 2,1.0,-1.140625,0.24220562872535947,97.432193382763,31.418863620833,16.750419483667,49.262910278263
MZ202016,Severe acute respiratory syndrome coronavirus 2,1.0,-0.61328125,0.35131106427318937,97.432193382763,31.418863620833,16.750419483667,49.262910278263
OD970282,Severe acute respiratory syndrome coronavirus 2,1.0,-1.578125,0.17106119167858438,97.432193382763,31.418863620833,16.750419483667,49.262910278263
OD965094,Severe acute respiratory syndrome coronavirus 2,1.0,-1.1171875,0.24653334600973578,97.432193382763,31.418863620833,16.750419483667,49.262910278263
MW990594,Severe acute respiratory syndrome coronavirus 2,1.0,-1.3828125,0.2005576797447963,97.432193382763,31.418863620833,16.750419483667,49.262910278263
MW777885,Severe acute respiratory syndrome coronavirus 2,1.0,-1.1640625,0.2379298916111697,97.432193382763,31.418863620833,16.750419483667,49.262910278263
MW629194,Severe acute respiratory syndrome coronavirus 2,1.0,-0.90234375,0.2885690942619391,97.432193382763,31.418863620833,16.750419483667,49.262910278263
MW153316,Severe acute respiratory syndrome coronavirus 2,1.0,-1.0234375,0.2643583582610753,97.432193382763,31.418863620833,16.750419483667,49.262910278263
LR884165,Severe acute respiratory syndrome coronavirus 2,1.0,-0.8984375,0.2893716974101632,97.432193382763,31.418863620833,16.750419483667,49.262910278263
MT972445,Severe acute respiratory syndrome coronavirus 2,1.0,-0.93359375,0.2821961896597225,97.432193382763,31.418863620833,16.750419483667,49.262910278263
MG762674,Rousettus bat coronavirus HKU9,0.0,0.28515625,0.5708098913740778,80.007640980097,30.450554743167,22.689089705,26.86799653193
EF065513,Rousettus bat coronavirus HKU9,0.0,0.2236328125,0.555676357500666,80.007640980097,30.450554743167,22.689089705,26.86799653193
PP849419,Rotavirus A,0.0,1.5234375,0.8210441123099046,69.951474800977,20.063450222667,18.200154933667,31.687869644643
PP849434,Rotavirus A,0.0,-2.71875,0.06187598572364272,69.951474800977,20.063450222667,18.200154933667,31.687869644643
PP849453,Rotavirus A,0.0,-0.416015625,0.39747056809063147,69.951474800977,20.063450222667,18.200154933667,31.687869644643
PP874419,Rotavirus A,0.0,-0.7265625,0.3259495159352553,69.951474800977,20.063450222667,18.200154933667,31.687869644643
PP874451,Rotavirus A,0.0,-2.625,0.0675466911396291,69.951474800977,20.063450222667,18.200154933667,31.687869644643
PP874458,Rotavirus A,0.0,-1.0859375,0.2523840452764101,69.951474800977,20.063450222667,18.200154933667,31.687869644643
PP848505,Rotavirus A,1.0,-0.9453125,0.27982849245819874,69.951474800977,20.063450222667,18.200154933667,31.687869644643
PP848569,Rotavirus A,1.0,-2.5,0.07585818002124355,69.951474800977,20.063450222667,18.200154933667,31.687869644643
PP848614,Rotavirus A,1.0,-0.8046875,0.3090237111195067,69.951474800977,20.063450222667,18.200154933667,31.687869644643
PP848618,Rotavirus A,1.0,-0.8046875,0.3090237111195067,69.951474800977,20.063450222667,18.200154933667,31.687869644643
PP848637,Rotavirus A,1.0,-2.296875,0.09138210306717136,69.951474800977,20.063450222667,18.200154933667,31.687869644643
PP848639,Rotavirus A,1.0,-2.09375,0.10970577387797076,69.951474800977,20.063450222667,18.200154933667,31.687869644643
PP848653,Rotavirus A,1.0,-0.22265625,0.44456476901167624,69.951474800977,20.063450222667,18.200154933667,31.687869644643
PP848660,Rotavirus A,1.0,-0.49609375,0.3784590902141952,69.951474800977,20.063450222667,18.200154933667,31.687869644643
PP848667,Rotavirus A,1.0,-0.80859375,0.3081902399767429,69.951474800977,20.063450222667,18.200154933667,31.687869644643
PP848699,Rotavirus A,1.0,-0.52734375,0.37113662896272914,69.951474800977,20.063450222667,18.200154933667,31.687869644643
PP848734,Rotavirus A,1.0,-1.2421875,0.22405544923169474,69.951474800977,20.063450222667,18.200154933667,31.687869644643
PP848785,Rotavirus A,1.0,-1.265625,0.22000709974589316,69.951474800977,20.063450222667,18.200154933667,31.687869644643
OR210373,Rotavirus A,1.0,-1.015625,0.26588047309981694,69.951474800977,20.063450222667,18.200154933667,31.687869644643
OR210387,Rotavirus A,1.0,-0.435546875,0.39280256983325357,69.951474800977,20.063450222667,18.200154933667,31.687869644643
OR210394,Rotavirus A,1.0,-0.9296875,0.28298811828270554,69.951474800977,20.063450222667,18.200154933667,31.687869644643
OR210396,Rotavirus A,1.0,-0.8515625,0.2991051902457072,69.951474800977,20.063450222667,18.200154933667,31.687869644643
OR210407,Rotavirus A,1.0,-0.875,0.2942149721629888,69.951474800977,20.063450222667,18.200154933667,31.687869644643
OP255983,Rotavirus A,1.0,-0.44140625,0.3914059390883862,69.951474800977,20.063450222667,18.200154933667,31.687869644643
OP950165,Rotavirus A,1.0,-1.0859375,0.2523840452764101,69.951474800977,20.063450222667,18.200154933667,31.687869644643
OP717092,Rotavirus A,1.0,-1.421875,0.19436781101874467,69.951474800977,20.063450222667,18.200154933667,31.687869644643
OP717133,Rotavirus A,1.0,-0.953125,0.2782567937024021,69.951474800977,20.063450222667,18.200154933667,31.687869644643
OP717193,Rotavirus A,1.0,-2.84375,0.055005288293454156,69.951474800977,20.063450222667,18.200154933667,31.687869644643
OP717214,Rotavirus A,1.0,-2.78125,0.05834584061168106,69.951474800977,20.063450222667,18.200154933667,31.687869644643
OP717222,Rotavirus A,1.0,-2.796875,0.05749327880038582,69.951474800977,20.063450222667,18.200154933667,31.687869644643
OP717228,Rotavirus A,1.0,-2.796875,0.05749327880038582,69.951474800977,20.063450222667,18.200154933667,31.687869644643
OP717243,Rotavirus A,1.0,-2.796875,0.05749327880038582,69.951474800977,20.063450222667,18.200154933667,31.687869644643
OP717298,Rotavirus A,1.0,-2.4375,0.08035746882220708,69.951474800977,20.063450222667,18.200154933667,31.687869644643
OP717381,Rotavirus A,1.0,-2.359375,0.08632347658627028,69.951474800977,20.063450222667,18.200154933667,31.687869644643
OP717390,Rotavirus A,1.0,-2.53125,0.07369626970604846,69.951474800977,20.063450222667,18.200154933667,31.687869644643
OP717434,Rotavirus A,1.0,-2.625,0.0675466911396291,69.951474800977,20.063450222667,18.200154933667,31.687869644643
OP717465,Rotavirus A,1.0,-2.59375,0.06954174450582809,69.951474800977,20.063450222667,18.200154933667,31.687869644643
OP717469,Rotavirus A,1.0,-2.578125,0.07055959618729296,69.951474800977,20.063450222667,18.200154933667,31.687869644643
OP717487,Rotavirus A,1.0,0.302734375,0.5751108210554503,69.951474800977,20.063450222667,18.200154933667,31.687869644643
OP717504,Rotavirus A,1.0,-0.388671875,0.40403706060119077,69.951474800977,20.063450222667,18.200154933667,31.687869644643
OP717509,Rotavirus A,1.0,-0.373046875,0.40780499482245464,69.951474800977,20.063450222667,18.200154933667,31.687869644643
OP717541,Rotavirus A,1.0,0.0849609375,0.52122746695113,69.951474800977,20.063450222667,18.200154933667,31.687869644643
OP717547,Rotavirus A,1.0,-1.0625,0.25683199138751883,69.951474800977,20.063450222667,18.200154933667,31.687869644643
OP717553,Rotavirus A,1.0,-1.0546875,0.2583259885691872,69.951474800977,20.063450222667,18.200154933667,31.687869644643
OP717582,Rotavirus A,1.0,-1.15625,0.23934934732271168,69.951474800977,20.063450222667,18.200154933667,31.687869644643
OP717596,Rotavirus A,1.0,-1.8828125,0.13206615786963916,69.951474800977,20.063450222667,18.200154933667,31.687869644643
OP717645,Rotavirus A,1.0,-1.3828125,0.2005576797447963,69.951474800977,20.063450222667,18.200154933667,31.687869644643
OP717652,Rotavirus A,1.0,-1.1796875,0.23510838921999314,69.951474800977,20.063450222667,18.200154933667,31.687869644643
OP717659,Rotavirus A,1.0,-1.2421875,0.22405544923169474,69.951474800977,20.063450222667,18.200154933667,31.687869644643
OP717707,Rotavirus A,1.0,-1.09375,0.25091278688527247,69.951474800977,20.063450222667,18.200154933667,31.687869644643
OP717769,Rotavirus A,1.0,-1.421875,0.19436781101874467,69.951474800977,20.063450222667,18.200154933667,31.687869644643
OP717789,Rotavirus A,1.0,-0.41015625,0.3988746559246018,69.951474800977,20.063450222667,18.200154933667,31.687869644643
OP717826,Rotavirus A,1.0,-0.265625,0.43398146480389854,69.951474800977,20.063450222667,18.200154933667,31.687869644643
OP717843,Rotavirus A,1.0,-0.265625,0.43398146480389854,69.951474800977,20.063450222667,18.200154933667,31.687869644643
OP717894,Rotavirus A,1.0,-0.828125,0.30404167496654744,69.951474800977,20.063450222667,18.200154933667,31.687869644643
OP717920,Rotavirus A,1.0,-0.89453125,0.29017562235469585,69.951474800977,20.063450222667,18.200154933667,31.687869644643
OP717951,Rotavirus A,1.0,-0.82421875,0.3048688709099544,69.951474800977,20.063450222667,18.200154933667,31.687869644643
OP717960,Rotavirus A,1.0,-0.8125,0.30735801686526387,69.951474800977,20.063450222667,18.200154933667,31.687869644643
OP718049,Rotavirus A,1.0,-1.0,0.2689414213699951,69.951474800977,20.063450222667,18.200154933667,31.687869644643
OP718053,Rotavirus A,1.0,-0.85546875,0.2982869221861587,69.951474800977,20.063450222667,18.200154933667,31.687869644643
OP718096,Rotavirus A,1.0,1.3359375,0.79182107094258,69.951474800977,20.063450222667,18.200154933667,31.687869644643
OP718098,Rotavirus A,1.0,1.3359375,0.79182107094258,69.951474800977,20.063450222667,18.200154933667,31.687869644643
OP718130,Rotavirus A,1.0,-0.9765625,0.27357439102480946,69.951474800977,20.063450222667,18.200154933667,31.687869644643
OP718143,Rotavirus A,1.0,-0.73046875,0.32509187188660654,69.951474800977,20.063450222667,18.200154933667,31.687869644643
ON059882,Rotavirus A,0.0,-0.3359375,0.416796643162047,69.951474800977,20.063450222667,18.200154933667,31.687869644643
ON059883,Rotavirus A,0.0,-0.423828125,0.395601077304312,69.951474800977,20.063450222667,18.200154933667,31.687869644643
MN481633,Rotavirus A,0.0,-1.7734375,0.14511536292037014,69.951474800977,20.063450222667,18.200154933667,31.687869644643
MN481637,Rotavirus A,0.0,-1.4375,0.19193278644723683,69.951474800977,20.063450222667,18.200154933667,31.687869644643
MH171341,Rotavirus A,1.0,-1.3515625,0.20561503957001767,69.951474800977,20.063450222667,18.200154933667,31.687869644643
MH171355,Rotavirus A,1.0,-2.6875,0.06371499425196533,69.951474800977,20.063450222667,18.200154933667,31.687869644643
MH171410,Rotavirus A,1.0,-1.4453125,0.1907240253120337,69.951474800977,20.063450222667,18.200154933667,31.687869644643
MH171419,Rotavirus A,1.0,-1.171875,0.2365162364457076,69.951474800977,20.063450222667,18.200154933667,31.687869644643
MH668303,Rotavirus A,0.0,-1.96875,0.12252321251815919,69.951474800977,20.063450222667,18.200154933667,31.687869644643
MH704737,Rotavirus A,1.0,-1.1328125,0.24364243753740636,69.951474800977,20.063450222667,18.200154933667,31.687869644643
KX632271,Rotavirus A,1.0,-2.390625,0.08389038641057994,69.951474800977,20.063450222667,18.200154933667,31.687869644643
KX632273,Rotavirus A,1.0,-1.21875,0.22815650216092537,69.951474800977,20.063450222667,18.200154933667,31.687869644643
KX632284,Rotavirus A,1.0,-0.796875,0.31069438321455395,69.951474800977,20.063450222667,18.200154933667,31.687869644643
KX632304,Rotavirus A,1.0,-2.125,0.10669059394565118,69.951474800977,20.063450222667,18.200154933667,31.687869644643
KX632333,Rotavirus A,1.0,-2.4375,0.08035746882220708,69.951474800977,20.063450222667,18.200154933667,31.687869644643
KX655446,Rotavirus A,1.0,-1.6875,0.15610489744545739,69.951474800977,20.063450222667,18.200154933667,31.687869644643
KX655454,Rotavirus A,1.0,-2.8125,0.05665242530797383,69.951474800977,20.063450222667,18.200154933667,31.687869644643
KX655472,Rotavirus A,1.0,-0.796875,0.31069438321455395,69.951474800977,20.063450222667,18.200154933667,31.687869644643
KX655486,Rotavirus A,1.0,-1.4375,0.19193278644723683,69.951474800977,20.063450222667,18.200154933667,31.687869644643
KY055416,Rotavirus A,0.0,-0.234375,0.4416730056646256,69.951474800977,20.063450222667,18.200154933667,31.687869644643
KY055422,Rotavirus A,0.0,0.82421875,0.6951311290900456,69.951474800977,20.063450222667,18.200154933667,31.687869644643
KY055427,Rotavirus A,0.0,0.126953125,0.5316957224307991,69.951474800977,20.063450222667,18.200154933667,31.687869644643
KY055436,Rotavirus A,0.0,-0.921875,0.28457600421652673,69.951474800977,20.063450222667,18.200154933667,31.687869644643
KX988280,Rotavirus A,0.0,-1.1015625,0.24944724346334116,69.951474800977,20.063450222667,18.200154933667,31.687869644643
KU870388,Rotavirus A,1.0,-2.703125,0.06278920859705135,69.951474800977,20.063450222667,18.200154933667,31.687869644643
KU870389,Rotavirus A,1.0,-1.3828125,0.2005576797447963,69.951474800977,20.063450222667,18.200154933667,31.687869644643
KJ870891,Rotavirus A,1.0,-2.46875,0.07807816514495095,69.951474800977,20.063450222667,18.200154933667,31.687869644643
KJ870906,Rotavirus A,1.0,-2.0625,0.11279540628289321,69.951474800977,20.063450222667,18.200154933667,31.687869644643
KJ870908,Rotavirus A,1.0,-1.109375,0.24798742624020273,69.951474800977,20.063450222667,18.200154933667,31.687869644643
JX406755,Rotavirus A,1.0,-0.68359375,0.3354596873925299,69.951474800977,20.063450222667,18.200154933667,31.687869644643
JN013995,Rotavirus A,1.0,-2.109375,0.10818895456207037,69.951474800977,20.063450222667,18.200154933667,31.687869644643
JN013996,Rotavirus A,1.0,-2.609375,0.06853749303199023,69.951474800977,20.063450222667,18.200154933667,31.687869644643
HQ657153,Rotavirus A,1.0,0.10302734375,0.5257340768139083,69.951474800977,20.063450222667,18.200154933667,31.687869644643
HQ657155,Rotavirus A,1.0,-2.171875,0.10230470789265303,69.951474800977,20.063450222667,18.200154933667,31.687869644643
FJ169853,Rotavirus A,0.0,-0.59375,0.35577489351363034,69.951474800977,20.063450222667,18.200154933667,31.687869644643
DQ005124,Rotavirus A,1.0,-2.34375,0.08756383952305867,69.951474800977,20.063450222667,18.200154933667,31.687869644643
OQ297716,Rodent coronavirus,0.0,-0.1484375,0.46295861324381593,73.796406499472,30.173682762542,18.200154933667,25.422568803263
MW855473,Rodent coronavirus,0.0,-0.1767578125,0.45592524066460843,73.796406499472,30.173682762542,18.200154933667,25.422568803263
MW802582,Rodent coronavirus,0.0,-0.271484375,0.43254271949155154,73.796406499472,30.173682762542,18.200154933667,25.422568803263
MT549854,Rodent coronavirus,0.0,-0.328125,0.4186969093556867,73.796406499472,30.173682762542,18.200154933667,25.422568803263
PP991503,Rhinovirus C,1.0,0.0157470703125,0.5039366862300475,68.076980148787,20.941877463333,13.0392653225,34.095837362953
PP991504,Rhinovirus C,1.0,0.015625,0.5039061705290805,68.076980148787,20.941877463333,13.0392653225,34.095837362953
OR220808,Rhinovirus C,1.0,0.37109375,0.591723240531882,68.076980148787,20.941877463333,13.0392653225,34.095837362953
MZ667421,Rhinovirus C,1.0,-0.2041015625,0.4491510068800386,68.076980148787,20.941877463333,13.0392653225,34.095837362953
MZ447875,Rhinovirus C,1.0,0.73046875,0.6749081281133934,68.076980148787,20.941877463333,13.0392653225,34.095837362953
MW679007,Rhinovirus C,1.0,-1.4296875,0.19314738002256465,68.076980148787,20.941877463333,13.0392653225,34.095837362953
MW679009,Rhinovirus C,1.0,-1.5078125,0.18126320682863017,68.076980148787,20.941877463333,13.0392653225,34.095837362953
MZ268666,Rhinovirus C,1.0,-0.80859375,0.3081902399767429,68.076980148787,20.941877463333,13.0392653225,34.095837362953
MZ268682,Rhinovirus C,1.0,-1.5,0.18242552380635632,68.076980148787,20.941877463333,13.0392653225,34.095837362953
MZ268701,Rhinovirus C,1.0,0.33984375,0.5841525674430875,68.076980148787,20.941877463333,13.0392653225,34.095837362953
MN369030,Rhinovirus C,1.0,-0.298828125,0.4258439827330201,68.076980148787,20.941877463333,13.0392653225,34.095837362953
MN369031,Rhinovirus C,1.0,-0.08740234375,0.4781633134724238,68.076980148787,20.941877463333,13.0392653225,34.095837362953
MN369033,Rhinovirus C,1.0,-0.9296875,0.28298811828270554,68.076980148787,20.941877463333,13.0392653225,34.095837362953
MN306023,Rhinovirus C,1.0,0.150390625,0.5375269529096852,68.076980148787,20.941877463333,13.0392653225,34.095837362953
MN306026,Rhinovirus C,1.0,-2.6875,0.06371499425196533,68.076980148787,20.941877463333,13.0392653225,34.095837362953
MN306035,Rhinovirus C,1.0,-2.390625,0.08389038641057994,68.076980148787,20.941877463333,13.0392653225,34.095837362953
MH330336,Rhinovirus C,1.0,0.060791015625,0.5151930753000202,68.076980148787,20.941877463333,13.0392653225,34.095837362953
KY369879,Rhinovirus C,1.0,-0.0673828125,0.48316066789578266,68.076980148787,20.941877463333,13.0392653225,34.095837362953
KY369880,Rhinovirus C,1.0,-0.4140625,0.3979384110732902,68.076980148787,20.941877463333,13.0392653225,34.095837362953
KY369882,Rhinovirus C,1.0,-0.79296875,0.3115315769505153,68.076980148787,20.941877463333,13.0392653225,34.095837362953
KP890662,Rhinovirus C,1.0,-0.1826171875,0.45447215866165336,68.076980148787,20.941877463333,13.0392653225,34.095837362953
KP890663,Rhinovirus C,1.0,-1.6171875,0.16559311363082369,68.076980148787,20.941877463333,13.0392653225,34.095837362953
KP890664,Rhinovirus C,1.0,0.1572265625,0.5392258679822007,68.076980148787,20.941877463333,13.0392653225,34.095837362953
KU695562,Rhinovirus C,1.0,-0.228515625,0.4431184054407691,68.076980148787,20.941877463333,13.0392653225,34.095837362953
KJ675505,Rhinovirus C,1.0,0.66796875,0.6610481792447818,68.076980148787,20.941877463333,13.0392653225,34.095837362953
KJ675506,Rhinovirus C,1.0,-2.125,0.10669059394565118,68.076980148787,20.941877463333,13.0392653225,34.095837362953
KJ675507,Rhinovirus C,1.0,-3.0,0.04742587317756678,68.076980148787,20.941877463333,13.0392653225,34.095837362953
KF734978,Rhinovirus C,1.0,-0.15234375,0.4619875521105517,68.076980148787,20.941877463333,13.0392653225,34.095837362953
KF958310,Rhinovirus C,1.0,2.796875,0.9425067211996141,68.076980148787,20.941877463333,13.0392653225,34.095837362953
KF958311,Rhinovirus C,1.0,0.0189208984375,0.5047300834959025,68.076980148787,20.941877463333,13.0392653225,34.095837362953
JN205461,Rhinovirus C,1.0,-0.65625,0.341582499438317,68.076980148787,20.941877463333,13.0392653225,34.095837362953
JF317013,Rhinovirus C,1.0,-0.087890625,0.4780414772938761,68.076980148787,20.941877463333,13.0392653225,34.095837362953
JF317014,Rhinovirus C,1.0,-0.201171875,0.44987596117526485,68.076980148787,20.941877463333,13.0392653225,34.095837362953
JF317016,Rhinovirus C,1.0,0.06494140625,0.5162296480721722,68.076980148787,20.941877463333,13.0392653225,34.095837362953
JF317017,Rhinovirus C,1.0,-0.828125,0.30404167496654744,68.076980148787,20.941877463333,13.0392653225,34.095837362953
MF370205,Rhinolophus bat coronavirus HKU2,0.0,-0.0859375,0.47852883753932274,70.60782279718,26.407103899917,18.055436229667,26.145282667597
EF065509,Pipistrellus bat coronavirus HKU5,0.0,-0.162109375,0.4595611766540225,52.27160677593,19.328289352667,8.2434624843333,24.69985493893
EF202833,Ljungan virus,0.0,-0.28515625,0.4291901086259222,66.412494065333,21.128797679,8.2434624843333,37.040233902
OR637323,Orf virus,0.0,-0.306640625,0.42393493527303167,65.336616858727,24.548696820583,9.4798061865,31.308113851643
OR637324,Orf virus,0.0,-0.11181640625,0.47207498769965345,65.336616858727,24.548696820583,9.4798061865,31.308113851643
OR637325,Orf virus,0.0,0.0546875,0.5136684686198906,65.336616858727,24.548696820583,9.4798061865,31.308113851643
OR427036,Orf virus,0.0,0.005523681640625,0.501380916899055,65.336616858727,24.548696820583,9.4798061865,31.308113851643
OR453678,Orf virus,0.0,0.005523681640625,0.501380916899055,65.336616858727,24.548696820583,9.4798061865,31.308113851643
ON805830,Orf virus,0.0,-0.0966796875,0.47584888682316917,65.336616858727,24.548696820583,9.4798061865,31.308113851643
ON805831,Orf virus,0.0,-0.482421875,0.3816803980361366,65.336616858727,24.548696820583,9.4798061865,31.308113851643
ON805832,Orf virus,0.0,-0.072265625,0.481941452026577,65.336616858727,24.548696820583,9.4798061865,31.308113851643
ON805833,Orf virus,0.0,-0.1435546875,0.4641728340349369,65.336616858727,24.548696820583,9.4798061865,31.308113851643
ON380499,Orf virus,0.0,-0.16796875,0.45810626362947604,65.336616858727,24.548696820583,9.4798061865,31.308113851643
ON380500,Orf virus,0.0,0.267578125,0.5664982418472789,65.336616858727,24.548696820583,9.4798061865,31.308113851643
MW537048,Orf virus,0.0,-0.251953125,0.43734282700874566,65.336616858727,24.548696820583,9.4798061865,31.308113851643
MN648218,Orf virus,0.0,-0.375,0.40733340004593016,65.336616858727,24.548696820583,9.4798061865,31.308113851643
MN648219,Orf virus,0.0,-0.216796875,0.44601207248869035,65.336616858727,24.548696820583,9.4798061865,31.308113851643
MT332357,Orf virus,0.0,-0.47265625,0.3839877378565007,65.336616858727,24.548696820583,9.4798061865,31.308113851643
LR594616,Orf virus,1.0,0.02099609375,0.5052488306161462,65.336616858727,24.548696820583,9.4798061865,31.308113851643
MN454854,Orf virus,0.0,-0.3125,0.4225046348141883,65.336616858727,24.548696820583,9.4798061865,31.308113851643
MG712417,Orf virus,0.0,-0.416015625,0.39747056809063147,65.336616858727,24.548696820583,9.4798061865,31.308113851643
MG674916,Orf virus,0.0,-0.26171875,0.4349412484136216,65.336616858727,24.548696820583,9.4798061865,31.308113851643
KY053526,Orf virus,0.0,-0.333984375,0.4172714803342597,65.336616858727,24.548696820583,9.4798061865,31.308113851643
KP010353,Orf virus,0.0,-0.390625,0.40356685373537454,65.336616858727,24.548696820583,9.4798061865,31.308113851643
KP010354,Orf virus,0.0,-0.287109375,0.42871168674230137,65.336616858727,24.548696820583,9.4798061865,31.308113851643
KP010355,Orf virus,0.0,-0.296875,0.42632159254749036,65.336616858727,24.548696820583,9.4798061865,31.308113851643
KP010356,Orf virus,0.0,-0.263671875,0.4344612951800934,65.336616858727,24.548696820583,9.4798061865,31.308113851643
KF234407,Orf virus,0.0,-0.28515625,0.4291901086259222,65.336616858727,24.548696820583,9.4798061865,31.308113851643
HM133903,Orf virus,0.0,-0.1943359375,0.4515683441049571,65.336616858727,24.548696820583,9.4798061865,31.308113851643
HM049560,Murine adenovirus 2,0.0,0.39453125,0.5973730279310485,46.072276022953,18.047752057833,5.6443310075,22.38019295762
KF268336,Murine coronavirus,0.0,-0.07958984375,0.4801130358571802,78.62266620568,32.850176840417,18.904492833333,26.86799653193
KF268337,Murine coronavirus,0.0,-0.08349609375,0.4791380952216945,78.62266620568,32.850176840417,18.904492833333,26.86799653193
KF268338,Murine coronavirus,0.0,-0.08740234375,0.4781633134724238,78.62266620568,32.850176840417,18.904492833333,26.86799653193
KF268339,Murine coronavirus,0.0,-0.07421875,0.481453825066335,78.62266620568,32.850176840417,18.904492833333,26.86799653193
PQ510603,Monkeypox virus,1.0,1.0546875,0.7416740114308128,76.141239921203,24.93621381325,11.986048486,39.218977621953
PQ340486,Monkeypox virus,1.0,1.0703125,0.7446563401437933,76.141239921203,24.93621381325,11.986048486,39.218977621953
PQ340492,Monkeypox virus,1.0,1.0703125,0.7446563401437933,76.141239921203,24.93621381325,11.986048486,39.218977621953
OR785044,Monkeypox virus,1.0,1.25,0.7772998611746911,76.141239921203,24.93621381325,11.986048486,39.218977621953
OR146280,Monkeypox virus,1.0,1.1953125,0.76768985390312,76.141239921203,24.93621381325,11.986048486,39.218977621953
OR146283,Monkeypox virus,1.0,1.15625,0.7606506526772884,76.141239921203,24.93621381325,11.986048486,39.218977621953
OR146343,Monkeypox virus,1.0,1.1875,0.7662936430859597,76.141239921203,24.93621381325,11.986048486,39.218977621953
OR146358,Monkeypox virus,1.0,1.1875,0.7662936430859597,76.141239921203,24.93621381325,11.986048486,39.218977621953
OR146438,Monkeypox virus,1.0,1.21875,0.7718434978390747,76.141239921203,24.93621381325,11.986048486,39.218977621953
PP852988,Monkeypox virus,1.0,1.0546875,0.7416740114308128,76.141239921203,24.93621381325,11.986048486,39.218977621953
PP853005,Monkeypox virus,1.0,1.109375,0.7520125737597972,76.141239921203,24.93621381325,11.986048486,39.218977621953
PP853014,Monkeypox virus,1.0,1.046875,0.7401743620390163,76.141239921203,24.93621381325,11.986048486,39.218977621953
PP860025,Monkeypox virus,1.0,1.1171875,0.7534666539902642,76.141239921203,24.93621381325,11.986048486,39.218977621953
PP860029,Monkeypox virus,1.0,1.1484375,0.7592254042296177,76.141239921203,24.93621381325,11.986048486,39.218977621953
PP601218,Monkeypox virus,1.0,0.92578125,0.7162186093168913,76.141239921203,24.93621381325,11.986048486,39.218977621953
PP533295,Monkeypox virus,1.0,0.98828125,0.7287483034031065,76.141239921203,24.93621381325,11.986048486,39.218977621953
PP533326,Monkeypox virus,1.0,0.984375,0.7279754489059774,76.141239921203,24.93621381325,11.986048486,39.218977621953
PP098585,Monkeypox virus,1.0,1.0546875,0.7416740114308128,76.141239921203,24.93621381325,11.986048486,39.218977621953
PP098609,Monkeypox virus,1.0,1.0546875,0.7416740114308128,76.141239921203,24.93621381325,11.986048486,39.218977621953
PP098618,Monkeypox virus,1.0,1.0390625,0.7386690743254897,76.141239921203,24.93621381325,11.986048486,39.218977621953
PP098619,Monkeypox virus,1.0,1.0546875,0.7416740114308128,76.141239921203,24.93621381325,11.986048486,39.218977621953
OR766778,Monkeypox virus,1.0,1.1171875,0.7534666539902642,76.141239921203,24.93621381325,11.986048486,39.218977621953
OR759194,Monkeypox virus,1.0,1.0078125,0.7325918338117745,76.141239921203,24.93621381325,11.986048486,39.218977621953
OR464204,Monkeypox virus,1.0,1.1015625,0.7505527565366589,76.141239921203,24.93621381325,11.986048486,39.218977621953
OR464218,Monkeypox virus,1.0,1.09375,0.7490872131147275,76.141239921203,24.93621381325,11.986048486,39.218977621953
OR427338,Monkeypox virus,1.0,1.125,0.7549149868676283,76.141239921203,24.93621381325,11.986048486,39.218977621953
OR264415,Monkeypox virus,1.0,1.1484375,0.7592254042296177,76.141239921203,24.93621381325,11.986048486,39.218977621953
OR264460,Monkeypox virus,1.0,1.15625,0.7606506526772884,76.141239921203,24.93621381325,11.986048486,39.218977621953
OR209307,Monkeypox virus,1.0,1.078125,0.746138993030751,76.141239921203,24.93621381325,11.986048486,39.218977621953
OR095029,Monkeypox virus,1.0,1.1796875,0.7648916107800069,76.141239921203,24.93621381325,11.986048486,39.218977621953
OR035732,Monkeypox virus,1.0,1.1796875,0.7648916107800069,76.141239921203,24.93621381325,11.986048486,39.218977621953
OQ721939,Monkeypox virus,1.0,1.109375,0.7520125737597972,76.141239921203,24.93621381325,11.986048486,39.218977621953
OQ626772,Monkeypox virus,1.0,1.0859375,0.74761595472359,76.141239921203,24.93621381325,11.986048486,39.218977621953
OQ581854,Monkeypox virus,1.0,1.0234375,0.7356416417389247,76.141239921203,24.93621381325,11.986048486,39.218977621953
OQ557944,Monkeypox virus,1.0,1.0625,0.7431680086124811,76.141239921203,24.93621381325,11.986048486,39.218977621953
OQ557955,Monkeypox virus,1.0,1.0859375,0.74761595472359,76.141239921203,24.93621381325,11.986048486,39.218977621953
OQ503750,Monkeypox virus,1.0,1.1484375,0.7592254042296177,76.141239921203,24.93621381325,11.986048486,39.218977621953
OQ503754,Monkeypox virus,1.0,1.0859375,0.74761595472359,76.141239921203,24.93621381325,11.986048486,39.218977621953
OQ503757,Monkeypox virus,1.0,1.03125,0.7371581626286834,76.141239921203,24.93621381325,11.986048486,39.218977621953
OQ503771,Monkeypox virus,1.0,1.1484375,0.7592254042296177,76.141239921203,24.93621381325,11.986048486,39.218977621953
OQ451902,Monkeypox virus,1.0,1.0625,0.7431680086124811,76.141239921203,24.93621381325,11.986048486,39.218977621953
OQ427114,Monkeypox virus,1.0,1.125,0.7549149868676283,76.141239921203,24.93621381325,11.986048486,39.218977621953
OQ427128,Monkeypox virus,1.0,1.0703125,0.7446563401437933,76.141239921203,24.93621381325,11.986048486,39.218977621953
OQ427129,Monkeypox virus,1.0,1.0703125,0.7446563401437933,76.141239921203,24.93621381325,11.986048486,39.218977621953
OQ419032,Monkeypox virus,1.0,1.015625,0.734119526900183,76.141239921203,24.93621381325,11.986048486,39.218977621953
OQ419033,Monkeypox virus,1.0,1.0234375,0.7356416417389247,76.141239921203,24.93621381325,11.986048486,39.218977621953
OQ419040,Monkeypox virus,1.0,1.0234375,0.7356416417389247,76.141239921203,24.93621381325,11.986048486,39.218977621953
OQ320511,Monkeypox virus,1.0,1.1171875,0.7534666539902642,76.141239921203,24.93621381325,11.986048486,39.218977621953
OQ320518,Monkeypox virus,1.0,1.0703125,0.7446563401437933,76.141239921203,24.93621381325,11.986048486,39.218977621953
OQ320519,Monkeypox virus,1.0,1.0625,0.7431680086124811,76.141239921203,24.93621381325,11.986048486,39.218977621953
OP120937,Monkeypox virus,1.0,1.1484375,0.7592254042296177,76.141239921203,24.93621381325,11.986048486,39.218977621953
OQ121962,Monkeypox virus,1.0,0.921875,0.7154239957834733,76.141239921203,24.93621381325,11.986048486,39.218977621953
OP535329,Monkeypox virus,1.0,1.0703125,0.7446563401437933,76.141239921203,24.93621381325,11.986048486,39.218977621953
OQ054226,Monkeypox virus,1.0,1.0625,0.7431680086124811,76.141239921203,24.93621381325,11.986048486,39.218977621953
OQ054238,Monkeypox virus,1.0,1.0390625,0.7386690743254897,76.141239921203,24.93621381325,11.986048486,39.218977621953
OQ054239,Monkeypox virus,1.0,1.078125,0.746138993030751,76.141239921203,24.93621381325,11.986048486,39.218977621953
OP837354,Monkeypox virus,1.0,1.0703125,0.7446563401437933,76.141239921203,24.93621381325,11.986048486,39.218977621953
OP764625,Monkeypox virus,1.0,1.0703125,0.7446563401437933,76.141239921203,24.93621381325,11.986048486,39.218977621953
OP727820,Monkeypox virus,1.0,1.0703125,0.7446563401437933,76.141239921203,24.93621381325,11.986048486,39.218977621953
OP715818,Monkeypox virus,1.0,1.0703125,0.7446563401437933,76.141239921203,24.93621381325,11.986048486,39.218977621953
OP687946,Monkeypox virus,1.0,1.109375,0.7520125737597972,76.141239921203,24.93621381325,11.986048486,39.218977621953
OP626130,Monkeypox virus,1.0,1.0703125,0.7446563401437933,76.141239921203,24.93621381325,11.986048486,39.218977621953
OP604525,Monkeypox virus,1.0,1.109375,0.7520125737597972,76.141239921203,24.93621381325,11.986048486,39.218977621953
OP612678,Monkeypox virus,1.0,0.828125,0.6959583250334526,76.141239921203,24.93621381325,11.986048486,39.218977621953
OP580157,Monkeypox virus,1.0,1.1171875,0.7534666539902642,76.141239921203,24.93621381325,11.986048486,39.218977621953
OP536738,Monkeypox virus,1.0,1.2109375,0.7704647868335476,76.141239921203,24.93621381325,11.986048486,39.218977621953
OP523987,Monkeypox virus,1.0,1.0703125,0.7446563401437933,76.141239921203,24.93621381325,11.986048486,39.218977621953
OP524004,Monkeypox virus,1.0,1.0703125,0.7446563401437933,76.141239921203,24.93621381325,11.986048486,39.218977621953
OP484670,Monkeypox virus,1.0,1.0625,0.7431680086124811,76.141239921203,24.93621381325,11.986048486,39.218977621953
OP431825,Monkeypox virus,1.0,1.0546875,0.7416740114308128,76.141239921203,24.93621381325,11.986048486,39.218977621953
OP431829,Monkeypox virus,1.0,1.0546875,0.7416740114308128,76.141239921203,24.93621381325,11.986048486,39.218977621953
OP422340,Monkeypox virus,1.0,1.1484375,0.7592254042296177,76.141239921203,24.93621381325,11.986048486,39.218977621953
OP415241,Monkeypox virus,1.0,1.1484375,0.7592254042296177,76.141239921203,24.93621381325,11.986048486,39.218977621953
OP415264,Monkeypox virus,1.0,1.1171875,0.7534666539902642,76.141239921203,24.93621381325,11.986048486,39.218977621953
OP331335,Monkeypox virus,1.0,1.1328125,0.7563575624625937,76.141239921203,24.93621381325,11.986048486,39.218977621953
OP339846,Monkeypox virus,1.0,1.0703125,0.7446563401437933,76.141239921203,24.93621381325,11.986048486,39.218977621953
OP339849,Monkeypox virus,1.0,1.0625,0.7431680086124811,76.141239921203,24.93621381325,11.986048486,39.218977621953
OP303781,Monkeypox virus,1.0,1.078125,0.746138993030751,76.141239921203,24.93621381325,11.986048486,39.218977621953
OP257263,Monkeypox virus,1.0,1.0859375,0.74761595472359,76.141239921203,24.93621381325,11.986048486,39.218977621953
OP215220,Monkeypox virus,1.0,1.0703125,0.7446563401437933,76.141239921203,24.93621381325,11.986048486,39.218977621953
OP215245,Monkeypox virus,1.0,1.0703125,0.7446563401437933,76.141239921203,24.93621381325,11.986048486,39.218977621953
OP215248,Monkeypox virus,1.0,1.0703125,0.7446563401437933,76.141239921203,24.93621381325,11.986048486,39.218977621953
OP215265,Monkeypox virus,1.0,1.0703125,0.7446563401437933,76.141239921203,24.93621381325,11.986048486,39.218977621953
OP133004,Monkeypox virus,1.0,1.1640625,0.7620701083888303,76.141239921203,24.93621381325,11.986048486,39.218977621953
OP062232,Monkeypox virus,1.0,1.0703125,0.7446563401437933,76.141239921203,24.93621381325,11.986048486,39.218977621953
ON929090,Monkeypox virus,1.0,1.0546875,0.7416740114308128,76.141239921203,24.93621381325,11.986048486,39.218977621953
ON880511,Monkeypox virus,1.0,1.1015625,0.7505527565366589,76.141239921203,24.93621381325,11.986048486,39.218977621953
ON880538,Monkeypox virus,1.0,1.09375,0.7490872131147275,76.141239921203,24.93621381325,11.986048486,39.218977621953
ON853668,Monkeypox virus,1.0,1.0703125,0.7446563401437933,76.141239921203,24.93621381325,11.986048486,39.218977621953
ON853669,Monkeypox virus,1.0,1.0703125,0.7446563401437933,76.141239921203,24.93621381325,11.986048486,39.218977621953
ON813260,Monkeypox virus,1.0,1.0703125,0.7446563401437933,76.141239921203,24.93621381325,11.986048486,39.218977621953
ON803438,Monkeypox virus,1.0,1.109375,0.7520125737597972,76.141239921203,24.93621381325,11.986048486,39.218977621953
ON754985,Monkeypox virus,1.0,1.046875,0.7401743620390163,76.141239921203,24.93621381325,11.986048486,39.218977621953
ON754986,Monkeypox virus,1.0,1.078125,0.746138993030751,76.141239921203,24.93621381325,11.986048486,39.218977621953
ON755256,Monkeypox virus,1.0,1.0703125,0.7446563401437933,76.141239921203,24.93621381325,11.986048486,39.218977621953
ON649723,Monkeypox virus,1.0,1.09375,0.7490872131147275,76.141239921203,24.93621381325,11.986048486,39.218977621953
MT903337,Monkeypox virus,1.0,1.046875,0.7401743620390163,76.141239921203,24.93621381325,11.986048486,39.218977621953
MT903341,Monkeypox virus,1.0,1.0390625,0.7386690743254897,76.141239921203,24.93621381325,11.986048486,39.218977621953
MK783028,Monkeypox virus,1.0,1.03125,0.7371581626286834,76.141239921203,24.93621381325,11.986048486,39.218977621953
JX878407,Monkeypox virus,1.0,0.96484375,0.7240905557040317,76.141239921203,24.93621381325,11.986048486,39.218977621953
KJ473821,BtVs-BetaCoV/SC2013,0.0,-0.05126953125,0.4871854240598421,71.644275146263,19.328289352667,18.200154933667,34.11583085993
KY765684,Mamastrovirus 5,0.0,-0.49609375,0.3784590902141952,61.250832805977,20.063450222667,18.200154933667,22.987227649643
KP862744,Mamastrovirus 1,1.0,0.043701171875,0.5109235545472739,71.13590256931,21.863958549,14.575816308667,34.696127711643
KC285152,Mamastrovirus 1,1.0,-0.03759765625,0.49060169301925743,71.13590256931,21.863958549,14.575816308667,34.696127711643
OQ579036,Human mastadenovirus G,0.0,-0.154296875,0.46150212921468203,73.230267434287,20.941019481,18.200154933667,34.08909301962
LC791124,Human mastadenovirus F,1.0,0.48828125,0.6197014552649915,70.164009643953,20.941019481,15.133897143333,34.08909301962
LC791141,Human mastadenovirus F,1.0,0.341796875,0.58462693921766,70.164009643953,20.941019481,15.133897143333,34.08909301962
LC791143,Human mastadenovirus F,1.0,0.3984375,0.5983121948770795,70.164009643953,20.941019481,15.133897143333,34.08909301962
LC791176,Human mastadenovirus F,1.0,0.421875,0.6039318337259583,70.164009643953,20.941019481,15.133897143333,34.08909301962
LC791177,Human mastadenovirus F,1.0,0.39453125,0.5973730279310485,70.164009643953,20.941019481,15.133897143333,34.08909301962
ON815881,Human mastadenovirus F,1.0,0.470703125,0.6155501631416019,70.164009643953,20.941019481,15.133897143333,34.08909301962
ON815882,Human mastadenovirus F,1.0,0.109375,0.5273165233795671,70.164009643953,20.941019481,15.133897143333,34.08909301962
ON815883,Human mastadenovirus F,1.0,0.7109375,0.670608279935473,70.164009643953,20.941019481,15.133897143333,34.08909301962
ON815884,Human mastadenovirus F,1.0,0.421875,0.6039318337259583,70.164009643953,20.941019481,15.133897143333,34.08909301962
ON815885,Human mastadenovirus F,1.0,0.6328125,0.6531269142203084,70.164009643953,20.941019481,15.133897143333,34.08909301962
ON815887,Human mastadenovirus F,1.0,0.6953125,0.6671476749870737,70.164009643953,20.941019481,15.133897143333,34.08909301962
ON815888,Human mastadenovirus F,1.0,0.328125,0.5813030906443133,70.164009643953,20.941019481,15.133897143333,34.08909301962
ON815889,Human mastadenovirus F,1.0,0.60546875,0.6469064710963125,70.164009643953,20.941019481,15.133897143333,34.08909301962
ON815890,Human mastadenovirus F,1.0,0.412109375,0.6015935593881796,70.164009643953,20.941019481,15.133897143333,34.08909301962
ON815891,Human mastadenovirus F,1.0,0.61328125,0.6486889357268106,70.164009643953,20.941019481,15.133897143333,34.08909301962
ON815893,Human mastadenovirus F,1.0,0.6328125,0.6531269142203084,70.164009643953,20.941019481,15.133897143333,34.08909301962
ON815894,Human mastadenovirus F,1.0,0.5625,0.6370307944803831,70.164009643953,20.941019481,15.133897143333,34.08909301962
MT791000,Human mastadenovirus F,1.0,-0.06298828125,0.48425813402873336,70.164009643953,20.941019481,15.133897143333,34.08909301962
MT791001,Human mastadenovirus F,1.0,-0.0023040771484375,0.49942398096772006,70.164009643953,20.941019481,15.133897143333,34.08909301962
MK883610,Human mastadenovirus F,1.0,0.37109375,0.591723240531882,70.164009643953,20.941019481,15.133897143333,34.08909301962
MK883611,Human mastadenovirus F,1.0,-0.10693359375,0.4732920467077268,70.164009643953,20.941019481,15.133897143333,34.08909301962
MK962806,Human mastadenovirus F,1.0,0.87109375,0.7049732336450086,70.164009643953,20.941019481,15.133897143333,34.08909301962
MK962807,Human mastadenovirus F,1.0,0.33203125,0.5822535290212146,70.164009643953,20.941019481,15.133897143333,34.08909301962
MK962808,Human mastadenovirus F,1.0,0.458984375,0.6127732140221069,70.164009643953,20.941019481,15.133897143333,34.08909301962
MK962809,Human mastadenovirus F,1.0,0.82421875,0.6951311290900456,70.164009643953,20.941019481,15.133897143333,34.08909301962
MK962810,Human mastadenovirus F,1.0,0.86328125,0.7033457453210089,70.164009643953,20.941019481,15.133897143333,34.08909301962
MK955315,Human mastadenovirus F,1.0,0.62890625,0.652241416355273,70.164009643953,20.941019481,15.133897143333,34.08909301962
MK955316,Human mastadenovirus F,1.0,-0.09033203125,0.4774323358790693,70.164009643953,20.941019481,15.133897143333,34.08909301962
MK955317,Human mastadenovirus F,1.0,0.361328125,0.5893618976069925,70.164009643953,20.941019481,15.133897143333,34.08909301962
MK955318,Human mastadenovirus F,1.0,0.95703125,0.7225270183691288,70.164009643953,20.941019481,15.133897143333,34.08909301962
MK955319,Human mastadenovirus F,1.0,0.4765625,0.616935831319445,70.164009643953,20.941019481,15.133897143333,34.08909301962
PQ154720,Fowl aviadenovirus E,0.0,0.2314453125,0.5576044164121724,55.3673236545,18.450720094333,13.608512328333,23.308091231833
PQ117788,Fowl aviadenovirus E,0.0,-0.177734375,0.455683007540087,55.3673236545,18.450720094333,13.608512328333,23.308091231833
PQ117789,Fowl aviadenovirus E,0.0,-0.1005859375,0.47487469589028836,55.3673236545,18.450720094333,13.608512328333,23.308091231833
PQ179264,Fowl aviadenovirus E,0.0,0.1806640625,0.545043565586644,55.3673236545,18.450720094333,13.608512328333,23.308091231833
PP764304,Fowl aviadenovirus E,0.0,-0.1474609375,0.4632014227261471,55.3673236545,18.450720094333,13.608512328333,23.308091231833
PP236873,Fowl aviadenovirus E,0.0,0.07958984375,0.5198869641428199,55.3673236545,18.450720094333,13.608512328333,23.308091231833
OR975470,Fowl aviadenovirus E,0.0,-0.1494140625,0.46271582132725386,55.3673236545,18.450720094333,13.608512328333,23.308091231833
OQ225144,Fowl aviadenovirus E,0.0,-0.14453125,0.4639299554287248,55.3673236545,18.450720094333,13.608512328333,23.308091231833
OM868084,Fowl aviadenovirus E,0.0,-0.13671875,0.4658734537776278,55.3673236545,18.450720094333,13.608512328333,23.308091231833
OM868085,Fowl aviadenovirus E,0.0,-0.1962890625,0.4510846900584313,55.3673236545,18.450720094333,13.608512328333,23.308091231833
MW544162,Fowl aviadenovirus E,0.0,-0.1494140625,0.46271582132725386,55.3673236545,18.450720094333,13.608512328333,23.308091231833
MN417117,Fowl aviadenovirus E,0.0,-0.1494140625,0.46271582132725386,55.3673236545,18.450720094333,13.608512328333,23.308091231833
MN226943,Fowl aviadenovirus E,0.0,0.16015625,0.5399536978762308,55.3673236545,18.450720094333,13.608512328333,23.308091231833
MK572852,Fowl aviadenovirus E,0.0,-0.1962890625,0.4510846900584313,55.3673236545,18.450720094333,13.608512328333,23.308091231833
MK572853,Fowl aviadenovirus E,0.0,-0.1728515625,0.4568943805658674,55.3673236545,18.450720094333,13.608512328333,23.308091231833
MK572854,Fowl aviadenovirus E,0.0,-0.1171875,0.4707366066334113,55.3673236545,18.450720094333,13.608512328333,23.308091231833
MK572855,Fowl aviadenovirus E,0.0,-0.1416015625,0.4646586421213344,55.3673236545,18.450720094333,13.608512328333,23.308091231833
MK572856,Fowl aviadenovirus E,0.0,-0.10791015625,0.47304860904786517,55.3673236545,18.450720094333,13.608512328333,23.308091231833
MK572857,Fowl aviadenovirus E,0.0,-0.1494140625,0.46271582132725386,55.3673236545,18.450720094333,13.608512328333,23.308091231833
MK572858,Fowl aviadenovirus E,0.0,-0.0791015625,0.4802349142397431,55.3673236545,18.450720094333,13.608512328333,23.308091231833
MK572859,Fowl aviadenovirus E,0.0,-0.16796875,0.45810626362947604,55.3673236545,18.450720094333,13.608512328333,23.308091231833
MK572860,Fowl aviadenovirus E,0.0,-0.123046875,0.469277034978481,55.3673236545,18.450720094333,13.608512328333,23.308091231833
MK572861,Fowl aviadenovirus E,0.0,-0.0576171875,0.4855996866796321,55.3673236545,18.450720094333,13.608512328333,23.308091231833
MK572862,Fowl aviadenovirus E,0.0,-0.197265625,0.4508428976312589,55.3673236545,18.450720094333,13.608512328333,23.308091231833
MK572863,Fowl aviadenovirus E,0.0,0.224609375,0.5559174577936432,55.3673236545,18.450720094333,13.608512328333,23.308091231833
MK572864,Fowl aviadenovirus E,0.0,-0.09814453125,0.4754835432845731,55.3673236545,18.450720094333,13.608512328333,23.308091231833
MK572865,Fowl aviadenovirus E,0.0,0.09912109375,0.5247600045207013,55.3673236545,18.450720094333,13.608512328333,23.308091231833
MK387061,Fowl aviadenovirus E,0.0,-0.1943359375,0.4515683441049571,55.3673236545,18.450720094333,13.608512328333,23.308091231833
KX077988,Fowl aviadenovirus E,0.0,-0.1533203125,0.46174483159526664,55.3673236545,18.450720094333,13.608512328333,23.308091231833
KX258422,Fowl aviadenovirus E,0.0,-0.1513671875,0.4622302906468186,55.3673236545,18.450720094333,13.608512328333,23.308091231833
GU734104,Fowl aviadenovirus E,0.0,0.208984375,0.5520567688732461,55.3673236545,18.450720094333,13.608512328333,23.308091231833
OP125537,Cowpox virus,1.0,0.8984375,0.7106283025898368,74.64995075262,24.542036133667,18.904492833333,31.20342178562
OP125538,Cowpox virus,1.0,0.8828125,0.7074047009882609,74.64995075262,24.542036133667,18.904492833333,31.20342178562
OP125539,Cowpox virus,1.0,1.046875,0.7401743620390163,74.64995075262,24.542036133667,18.904492833333,31.20342178562
OP125540,Cowpox virus,0.0,0.8828125,0.7074047009882609,74.64995075262,24.542036133667,18.904492833333,31.20342178562
OP125541,Cowpox virus,0.0,0.86328125,0.7033457453210089,74.64995075262,24.542036133667,18.904492833333,31.20342178562
OM460002,Cowpox virus,1.0,0.90625,0.712232184238947,74.64995075262,24.542036133667,18.904492833333,31.20342178562
LR812035,Cowpox virus,0.0,1.03125,0.7371581626286834,74.64995075262,24.542036133667,18.904492833333,31.20342178562
MK035746,Cowpox virus,1.0,0.9296875,0.7170118817172945,74.64995075262,24.542036133667,18.904492833333,31.20342178562
MK035747,Cowpox virus,0.0,0.859375,0.7025300573952054,74.64995075262,24.542036133667,18.904492833333,31.20342178562
MK035748,Cowpox virus,0.0,0.859375,0.7025300573952054,74.64995075262,24.542036133667,18.904492833333,31.20342178562
MK035749,Cowpox virus,0.0,0.53125,0.6297746074044134,74.64995075262,24.542036133667,18.904492833333,31.20342178562
MK035750,Cowpox virus,1.0,0.8984375,0.7106283025898368,74.64995075262,24.542036133667,18.904492833333,31.20342178562
MK035751,Cowpox virus,0.0,0.60546875,0.6469064710963125,74.64995075262,24.542036133667,18.904492833333,31.20342178562
MK035752,Cowpox virus,0.0,0.890625,0.7090191337850932,74.64995075262,24.542036133667,18.904492833333,31.20342178562
MK035753,Cowpox virus,1.0,0.8203125,0.6943026711575786,74.64995075262,24.542036133667,18.904492833333,31.20342178562
MK035754,Cowpox virus,0.0,0.7890625,0.6876299957148544,74.64995075262,24.542036133667,18.904492833333,31.20342178562
MK035755,Cowpox virus,1.0,0.8671875,0.7041601384435928,74.64995075262,24.542036133667,18.904492833333,31.20342178562
MK035756,Cowpox virus,0.0,0.83984375,0.6984323069261458,74.64995075262,24.542036133667,18.904492833333,31.20342178562
MK035757,Cowpox virus,0.0,0.828125,0.6959583250334526,74.64995075262,24.542036133667,18.904492833333,31.20342178562
MK035758,Cowpox virus,0.0,0.796875,0.689305616785446,74.64995075262,24.542036133667,18.904492833333,31.20342178562
MK035759,Cowpox virus,1.0,0.83984375,0.6984323069261458,74.64995075262,24.542036133667,18.904492833333,31.20342178562
LT993226,Cowpox virus,1.0,0.88671875,0.7082125739194518,74.64995075262,24.542036133667,18.904492833333,31.20342178562
LT993228,Cowpox virus,0.0,0.81640625,0.6934729546809425,74.64995075262,24.542036133667,18.904492833333,31.20342178562
LT993230,Cowpox virus,0.0,0.80859375,0.6918097600232571,74.64995075262,24.542036133667,18.904492833333,31.20342178562
LT993231,Cowpox virus,0.0,0.828125,0.6959583250334526,74.64995075262,24.542036133667,18.904492833333,31.20342178562
LT993232,Cowpox virus,1.0,0.85546875,0.7017130778138413,74.64995075262,24.542036133667,18.904492833333,31.20342178562
KY569018,Cowpox virus,0.0,0.98046875,0.7272012166848617,74.64995075262,24.542036133667,18.904492833333,31.20342178562
KY569019,Cowpox virus,0.0,0.796875,0.689305616785446,74.64995075262,24.542036133667,18.904492833333,31.20342178562
KY569020,Cowpox virus,0.0,1.0625,0.7431680086124811,74.64995075262,24.542036133667,18.904492833333,31.20342178562
KY569021,Cowpox virus,0.0,0.94140625,0.7193836258234395,74.64995075262,24.542036133667,18.904492833333,31.20342178562
KY569022,Cowpox virus,0.0,0.9765625,0.7264256089751905,74.64995075262,24.542036133667,18.904492833333,31.20342178562
LT896718,Cowpox virus,0.0,0.81640625,0.6934729546809425,74.64995075262,24.542036133667,18.904492833333,31.20342178562
LT896719,Cowpox virus,0.0,0.8671875,0.7041601384435928,74.64995075262,24.542036133667,18.904492833333,31.20342178562
LT896720,Cowpox virus,1.0,0.9609375,0.7233094689745646,74.64995075262,24.542036133667,18.904492833333,31.20342178562
LT896721,Cowpox virus,0.0,1.0078125,0.7325918338117745,74.64995075262,24.542036133667,18.904492833333,31.20342178562
LT896722,Cowpox virus,0.0,0.86328125,0.7033457453210089,74.64995075262,24.542036133667,18.904492833333,31.20342178562
LT896723,Cowpox virus,0.0,0.87890625,0.7065955179610504,74.64995075262,24.542036133667,18.904492833333,31.20342178562
LT896724,Cowpox virus,0.0,0.91015625,0.7130321352710473,74.64995075262,24.542036133667,18.904492833333,31.20342178562
LT896725,Cowpox virus,0.0,0.796875,0.689305616785446,74.64995075262,24.542036133667,18.904492833333,31.20342178562
LT896726,Cowpox virus,0.0,0.90625,0.712232184238947,74.64995075262,24.542036133667,18.904492833333,31.20342178562
LT896727,Cowpox virus,0.0,0.796875,0.689305616785446,74.64995075262,24.542036133667,18.904492833333,31.20342178562
LT896728,Cowpox virus,0.0,0.80078125,0.6901415732701115,74.64995075262,24.542036133667,18.904492833333,31.20342178562
LT896729,Cowpox virus,0.0,0.91015625,0.7130321352710473,74.64995075262,24.542036133667,18.904492833333,31.20342178562
LT896730,Cowpox virus,0.0,0.8671875,0.7041601384435928,74.64995075262,24.542036133667,18.904492833333,31.20342178562
LT896731,Cowpox virus,0.0,0.80078125,0.6901415732701115,74.64995075262,24.542036133667,18.904492833333,31.20342178562
LT896732,Cowpox virus,0.0,0.8125,0.6926419831347361,74.64995075262,24.542036133667,18.904492833333,31.20342178562
LT896733,Cowpox virus,0.0,0.80859375,0.6918097600232571,74.64995075262,24.542036133667,18.904492833333,31.20342178562
KY549143,Cowpox virus,0.0,0.88671875,0.7082125739194518,74.64995075262,24.542036133667,18.904492833333,31.20342178562
KY549144,Cowpox virus,0.0,0.73046875,0.6749081281133934,74.64995075262,24.542036133667,18.904492833333,31.20342178562
KY549145,Cowpox virus,0.0,0.859375,0.7025300573952054,74.64995075262,24.542036133667,18.904492833333,31.20342178562
KY549146,Cowpox virus,0.0,0.83984375,0.6984323069261458,74.64995075262,24.542036133667,18.904492833333,31.20342178562
KY549147,Cowpox virus,0.0,0.86328125,0.7033457453210089,74.64995075262,24.542036133667,18.904492833333,31.20342178562
KY549148,Cowpox virus,0.0,0.85546875,0.7017130778138413,74.64995075262,24.542036133667,18.904492833333,31.20342178562
KY549149,Cowpox virus,0.0,0.84375,0.6992544210587585,74.64995075262,24.542036133667,18.904492833333,31.20342178562
KY549150,Cowpox virus,0.0,0.9296875,0.7170118817172945,74.64995075262,24.542036133667,18.904492833333,31.20342178562
KY549151,Cowpox virus,0.0,0.76171875,0.6817267766465328,74.64995075262,24.542036133667,18.904492833333,31.20342178562
KY463519,Cowpox virus,0.0,0.73828125,0.6766198986579663,74.64995075262,24.542036133667,18.904492833333,31.20342178562
KY369926,Cowpox virus,1.0,0.85546875,0.7017130778138413,74.64995075262,24.542036133667,18.904492833333,31.20342178562
LN879483,Cowpox virus,0.0,0.82421875,0.6951311290900456,74.64995075262,24.542036133667,18.904492833333,31.20342178562
LN864565,Cowpox virus,0.0,0.79296875,0.6884684230494847,74.64995075262,24.542036133667,18.904492833333,31.20342178562
LN864566,Cowpox virus,0.0,0.86328125,0.7033457453210089,74.64995075262,24.542036133667,18.904492833333,31.20342178562
HQ407377,Cowpox virus,0.0,0.890625,0.7090191337850932,74.64995075262,24.542036133667,18.904492833333,31.20342178562
HQ420893,Cowpox virus,1.0,0.75390625,0.6800292550948656,74.64995075262,24.542036133667,18.904492833333,31.20342178562
HQ420894,Cowpox virus,1.0,0.796875,0.689305616785446,74.64995075262,24.542036133667,18.904492833333,31.20342178562
HQ420895,Cowpox virus,0.0,0.71484375,0.6714705667356973,74.64995075262,24.542036133667,18.904492833333,31.20342178562
HQ420896,Cowpox virus,1.0,0.9296875,0.7170118817172945,74.64995075262,24.542036133667,18.904492833333,31.20342178562
HQ420897,Cowpox virus,1.0,0.66796875,0.6610481792447818,74.64995075262,24.542036133667,18.904492833333,31.20342178562
HQ420898,Cowpox virus,0.0,1.046875,0.7401743620390163,74.64995075262,24.542036133667,18.904492833333,31.20342178562
HQ420899,Cowpox virus,1.0,0.96484375,0.7240905557040317,74.64995075262,24.542036133667,18.904492833333,31.20342178562
HQ420900,Cowpox virus,0.0,1.0078125,0.7325918338117745,74.64995075262,24.542036133667,18.904492833333,31.20342178562
OQ297712,Bat coronavirus HKU10,0.0,-0.125,0.46879062662624377,66.361974596847,22.161255699583,18.055436229667,26.145282667597
OQ297722,Bat coronavirus HKU10,0.0,0.037353515625,0.5093372932492947,66.361974596847,22.161255699583,18.055436229667,26.145282667597
OQ297723,Bat coronavirus HKU10,0.0,-0.018798828125,0.4953004313686406,66.361974596847,22.161255699583,18.055436229667,26.145282667597
OQ297725,Bat coronavirus HKU10,0.0,0.0106201171875,0.5026550043427819,66.361974596847,22.161255699583,18.055436229667,26.145282667597
OQ297726,Bat coronavirus HKU10,0.0,-0.06494140625,0.48377035192782775,66.361974596847,22.161255699583,18.055436229667,26.145282667597
OQ297728,Bat coronavirus HKU10,0.0,0.0166015625,0.5041502953028811,66.361974596847,22.161255699583,18.055436229667,26.145282667597
GU190215,Bat coronavirus BM48-31/BGR/2008,0.0,-0.185546875,0.45374590678565146,64.26953031918,23.548431342917,14.575816308667,26.145282667597
NC_048211,Wencheng Sm shrew coronavirus,0.0,-0.375,0.40733340004593016,69.88291474618,26.386533748583,17.35109833,26.145282667597
NC_035191,Wencheng Sm shrew coronavirus,0.0,-0.5859375,0.3575675223704418,69.88291474618,26.386533748583,17.35109833,26.145282667597
