Accession,Organism_Name,Host_label,pred_multitask_cls_prob,pred_multitask_regression,spillover_total,spillover_host_score,spillover_env_score,spillover_virus_score
MW218395,Tylonycteris bat coronavirus HKU4,0.0,0.1533203125,0.703125,53.733273722263,18.450720094333,9.8599848246667,25.422568803263
EF065505,Tylonycteris bat coronavirus HKU4,0.0,0.1484375,0.703125,53.733273722263,18.450720094333,9.8599848246667,25.422568803263
PP458387,Simian immunodeficiency virus,0.0,0.0693359375,0.83984375,84.782999107138,30.111595197208,18.904492833333,35.766911076597
PP458405,Simian immunodeficiency virus,0.0,0.068359375,0.84375,84.782999107138,30.111595197208,18.904492833333,35.766911076597
PP458411,Simian immunodeficiency virus,0.0,0.0693359375,0.83984375,84.782999107138,30.111595197208,18.904492833333,35.766911076597
PP458412,Simian immunodeficiency virus,0.0,0.07080078125,0.83984375,84.782999107138,30.111595197208,18.904492833333,35.766911076597
PP458474,Simian immunodeficiency virus,0.0,0.0693359375,0.83984375,84.782999107138,30.111595197208,18.904492833333,35.766911076597
PP486516,Simian immunodeficiency virus,0.0,0.068359375,0.83984375,84.782999107138,30.111595197208,18.904492833333,35.766911076597
PP486531,Simian immunodeficiency virus,0.0,0.068359375,0.83984375,84.782999107138,30.111595197208,18.904492833333,35.766911076597
PP486532,Simian immunodeficiency virus,0.0,0.068359375,0.84375,84.782999107138,30.111595197208,18.904492833333,35.766911076597
PP486540,Simian immunodeficiency virus,0.0,0.068359375,0.83984375,84.782999107138,30.111595197208,18.904492833333,35.766911076597
PP486549,Simian immunodeficiency virus,0.0,0.0693359375,0.83984375,84.782999107138,30.111595197208,18.904492833333,35.766911076597
PP486577,Simian immunodeficiency virus,0.0,0.0693359375,0.84375,84.782999107138,30.111595197208,18.904492833333,35.766911076597
PP486650,Simian immunodeficiency virus,0.0,0.068359375,0.83984375,84.782999107138,30.111595197208,18.904492833333,35.766911076597
PP486666,Simian immunodeficiency virus,0.0,0.068359375,0.84375,84.782999107138,30.111595197208,18.904492833333,35.766911076597
PP486669,Simian immunodeficiency virus,0.0,0.068359375,0.83984375,84.782999107138,30.111595197208,18.904492833333,35.766911076597
PP486677,Simian immunodeficiency virus,0.0,0.068359375,0.83984375,84.782999107138,30.111595197208,18.904492833333,35.766911076597
PP486704,Simian immunodeficiency virus,0.0,0.068359375,0.83984375,84.782999107138,30.111595197208,18.904492833333,35.766911076597
PP486747,Simian immunodeficiency virus,0.0,0.068359375,0.83984375,84.782999107138,30.111595197208,18.904492833333,35.766911076597
PP486778,Simian immunodeficiency virus,0.0,0.068359375,0.83984375,84.782999107138,30.111595197208,18.904492833333,35.766911076597
PP486790,Simian immunodeficiency virus,0.0,0.068359375,0.83984375,84.782999107138,30.111595197208,18.904492833333,35.766911076597
PP486793,Simian immunodeficiency virus,0.0,0.068359375,0.83984375,84.782999107138,30.111595197208,18.904492833333,35.766911076597
PP486807,Simian immunodeficiency virus,0.0,0.068359375,0.83984375,84.782999107138,30.111595197208,18.904492833333,35.766911076597
PP486827,Simian immunodeficiency virus,0.0,0.068359375,0.83984375,84.782999107138,30.111595197208,18.904492833333,35.766911076597
PP486841,Simian immunodeficiency virus,0.0,0.068359375,0.83984375,84.782999107138,30.111595197208,18.904492833333,35.766911076597
PP486891,Simian immunodeficiency virus,0.0,0.068359375,0.83984375,84.782999107138,30.111595197208,18.904492833333,35.766911076597
PP486904,Simian immunodeficiency virus,0.0,0.068359375,0.83984375,84.782999107138,30.111595197208,18.904492833333,35.766911076597
PP486905,Simian immunodeficiency virus,0.0,0.068359375,0.83984375,84.782999107138,30.111595197208,18.904492833333,35.766911076597
PP486911,Simian immunodeficiency virus,0.0,0.068359375,0.84375,84.782999107138,30.111595197208,18.904492833333,35.766911076597
PP486919,Simian immunodeficiency virus,0.0,0.068359375,0.83984375,84.782999107138,30.111595197208,18.904492833333,35.766911076597
PP486975,Simian immunodeficiency virus,0.0,0.06640625,0.84375,84.782999107138,30.111595197208,18.904492833333,35.766911076597
PP486979,Simian immunodeficiency virus,0.0,0.068359375,0.84375,84.782999107138,30.111595197208,18.904492833333,35.766911076597
PP487002,Simian immunodeficiency virus,0.0,0.068359375,0.83984375,84.782999107138,30.111595197208,18.904492833333,35.766911076597
PP487005,Simian immunodeficiency virus,0.0,0.068359375,0.83984375,84.782999107138,30.111595197208,18.904492833333,35.766911076597
PP487015,Simian immunodeficiency virus,0.0,0.068359375,0.83984375,84.782999107138,30.111595197208,18.904492833333,35.766911076597
PP487030,Simian immunodeficiency virus,0.0,0.068359375,0.83984375,84.782999107138,30.111595197208,18.904492833333,35.766911076597
PP487034,Simian immunodeficiency virus,0.0,0.068359375,0.83984375,84.782999107138,30.111595197208,18.904492833333,35.766911076597
PP487148,Simian immunodeficiency virus,0.0,0.0693359375,0.84375,84.782999107138,30.111595197208,18.904492833333,35.766911076597
PP487157,Simian immunodeficiency virus,0.0,0.068359375,0.83984375,84.782999107138,30.111595197208,18.904492833333,35.766911076597
PP487256,Simian immunodeficiency virus,0.0,0.068359375,0.83984375,84.782999107138,30.111595197208,18.904492833333,35.766911076597
PP487259,Simian immunodeficiency virus,0.0,0.0693359375,0.83984375,84.782999107138,30.111595197208,18.904492833333,35.766911076597
PP487283,Simian immunodeficiency virus,0.0,0.0693359375,0.84375,84.782999107138,30.111595197208,18.904492833333,35.766911076597
PP487285,Simian immunodeficiency virus,0.0,0.0693359375,0.84375,84.782999107138,30.111595197208,18.904492833333,35.766911076597
PP487296,Simian immunodeficiency virus,0.0,0.0693359375,0.84375,84.782999107138,30.111595197208,18.904492833333,35.766911076597
PP487392,Simian immunodeficiency virus,0.0,0.0693359375,0.83984375,84.782999107138,30.111595197208,18.904492833333,35.766911076597
PP487400,Simian immunodeficiency virus,0.0,0.0693359375,0.83984375,84.782999107138,30.111595197208,18.904492833333,35.766911076597
PP487423,Simian immunodeficiency virus,0.0,0.0693359375,0.83984375,84.782999107138,30.111595197208,18.904492833333,35.766911076597
PP487431,Simian immunodeficiency virus,0.0,0.0693359375,0.83984375,84.782999107138,30.111595197208,18.904492833333,35.766911076597
PP487445,Simian immunodeficiency virus,0.0,0.0693359375,0.83984375,84.782999107138,30.111595197208,18.904492833333,35.766911076597
PP487451,Simian immunodeficiency virus,0.0,0.0693359375,0.83984375,84.782999107138,30.111595197208,18.904492833333,35.766911076597
PP487491,Simian immunodeficiency virus,0.0,0.0693359375,0.83984375,84.782999107138,30.111595197208,18.904492833333,35.766911076597
PP487495,Simian immunodeficiency virus,0.0,0.0693359375,0.83984375,84.782999107138,30.111595197208,18.904492833333,35.766911076597
PP487504,Simian immunodeficiency virus,0.0,0.0693359375,0.83984375,84.782999107138,30.111595197208,18.904492833333,35.766911076597
PP487506,Simian immunodeficiency virus,0.0,0.0693359375,0.83984375,84.782999107138,30.111595197208,18.904492833333,35.766911076597
PP487509,Simian immunodeficiency virus,0.0,0.0693359375,0.83984375,84.782999107138,30.111595197208,18.904492833333,35.766911076597
PP487510,Simian immunodeficiency virus,0.0,0.0693359375,0.83984375,84.782999107138,30.111595197208,18.904492833333,35.766911076597
PP487538,Simian immunodeficiency virus,0.0,0.0693359375,0.83984375,84.782999107138,30.111595197208,18.904492833333,35.766911076597
PP487556,Simian immunodeficiency virus,0.0,0.0673828125,0.83984375,84.782999107138,30.111595197208,18.904492833333,35.766911076597
PP487577,Simian immunodeficiency virus,0.0,0.0693359375,0.83984375,84.782999107138,30.111595197208,18.904492833333,35.766911076597
PP487590,Simian immunodeficiency virus,0.0,0.0693359375,0.83984375,84.782999107138,30.111595197208,18.904492833333,35.766911076597
PP487649,Simian immunodeficiency virus,0.0,0.0693359375,0.84375,84.782999107138,30.111595197208,18.904492833333,35.766911076597
PP487651,Simian immunodeficiency virus,0.0,0.0693359375,0.83984375,84.782999107138,30.111595197208,18.904492833333,35.766911076597
PP487662,Simian immunodeficiency virus,0.0,0.0693359375,0.83984375,84.782999107138,30.111595197208,18.904492833333,35.766911076597
PP487685,Simian immunodeficiency virus,0.0,0.0693359375,0.83984375,84.782999107138,30.111595197208,18.904492833333,35.766911076597
PP487709,Simian immunodeficiency virus,0.0,0.0693359375,0.83984375,84.782999107138,30.111595197208,18.904492833333,35.766911076597
PP487718,Simian immunodeficiency virus,0.0,0.0693359375,0.83984375,84.782999107138,30.111595197208,18.904492833333,35.766911076597
PP487783,Simian immunodeficiency virus,0.0,0.0693359375,0.83984375,84.782999107138,30.111595197208,18.904492833333,35.766911076597
PP487789,Simian immunodeficiency virus,0.0,0.0693359375,0.83984375,84.782999107138,30.111595197208,18.904492833333,35.766911076597
PP487827,Simian immunodeficiency virus,0.0,0.0693359375,0.83984375,84.782999107138,30.111595197208,18.904492833333,35.766911076597
PP487852,Simian immunodeficiency virus,0.0,0.0693359375,0.83984375,84.782999107138,30.111595197208,18.904492833333,35.766911076597
PP487871,Simian immunodeficiency virus,0.0,0.0693359375,0.83984375,84.782999107138,30.111595197208,18.904492833333,35.766911076597
PP487888,Simian immunodeficiency virus,0.0,0.0693359375,0.83984375,84.782999107138,30.111595197208,18.904492833333,35.766911076597
PP487916,Simian immunodeficiency virus,0.0,0.0693359375,0.83984375,84.782999107138,30.111595197208,18.904492833333,35.766911076597
PP487935,Simian immunodeficiency virus,0.0,0.0693359375,0.84375,84.782999107138,30.111595197208,18.904492833333,35.766911076597
PP487936,Simian immunodeficiency virus,0.0,0.0693359375,0.84375,84.782999107138,30.111595197208,18.904492833333,35.766911076597
PP488044,Simian immunodeficiency virus,0.0,0.0693359375,0.83984375,84.782999107138,30.111595197208,18.904492833333,35.766911076597
PP488087,Simian immunodeficiency virus,0.0,0.0693359375,0.83984375,84.782999107138,30.111595197208,18.904492833333,35.766911076597
PP488111,Simian immunodeficiency virus,0.0,0.0693359375,0.83984375,84.782999107138,30.111595197208,18.904492833333,35.766911076597
PP488140,Simian immunodeficiency virus,0.0,0.0693359375,0.84375,84.782999107138,30.111595197208,18.904492833333,35.766911076597
PP488157,Simian immunodeficiency virus,0.0,0.0693359375,0.83984375,84.782999107138,30.111595197208,18.904492833333,35.766911076597
PP488174,Simian immunodeficiency virus,0.0,0.0693359375,0.83984375,84.782999107138,30.111595197208,18.904492833333,35.766911076597
PP488183,Simian immunodeficiency virus,0.0,0.0693359375,0.83984375,84.782999107138,30.111595197208,18.904492833333,35.766911076597
PP488217,Simian immunodeficiency virus,0.0,0.0693359375,0.83984375,84.782999107138,30.111595197208,18.904492833333,35.766911076597
MN442634,Simian immunodeficiency virus,0.0,0.068359375,0.83984375,84.782999107138,30.111595197208,18.904492833333,35.766911076597
MN442698,Simian immunodeficiency virus,0.0,0.068359375,0.83984375,84.782999107138,30.111595197208,18.904492833333,35.766911076597
MN442703,Simian immunodeficiency virus,0.0,0.068359375,0.83984375,84.782999107138,30.111595197208,18.904492833333,35.766911076597
MN442829,Simian immunodeficiency virus,0.0,0.068359375,0.83984375,84.782999107138,30.111595197208,18.904492833333,35.766911076597
MN442900,Simian immunodeficiency virus,0.0,0.0693359375,0.84375,84.782999107138,30.111595197208,18.904492833333,35.766911076597
MN442902,Simian immunodeficiency virus,0.0,0.068359375,0.84375,84.782999107138,30.111595197208,18.904492833333,35.766911076597
KR862334,Simian immunodeficiency virus,0.0,0.09130859375,0.7890625,84.782999107138,30.111595197208,18.904492833333,35.766911076597
KR862359,Simian immunodeficiency virus,0.0,0.0791015625,0.77734375,84.782999107138,30.111595197208,18.904492833333,35.766911076597
KC522238,Simian immunodeficiency virus,0.0,0.0771484375,0.828125,84.782999107138,30.111595197208,18.904492833333,35.766911076597
JN835460,Simian immunodeficiency virus,0.0,0.08251953125,0.8125,84.782999107138,30.111595197208,18.904492833333,35.766911076597
FJ424864,Simian immunodeficiency virus,0.0,0.07177734375,0.828125,84.782999107138,30.111595197208,18.904492833333,35.766911076597
DQ201174,Simian immunodeficiency virus,0.0,0.0888671875,0.78125,84.782999107138,30.111595197208,18.904492833333,35.766911076597
AY576481,Simian immunodeficiency virus,0.0,0.0693359375,0.84375,84.782999107138,30.111595197208,18.904492833333,35.766911076597
AY597209,Simian immunodeficiency virus,0.0,0.0693359375,0.84375,84.782999107138,30.111595197208,18.904492833333,35.766911076597
AY600249,Simian immunodeficiency virus,0.0,0.0693359375,0.84375,84.782999107138,30.111595197208,18.904492833333,35.766911076597
AY159321,Simian immunodeficiency virus,0.0,0.06298828125,0.84375,84.782999107138,30.111595197208,18.904492833333,35.766911076597
AF468659,Simian immunodeficiency virus,0.0,0.10693359375,0.7578125,84.782999107138,30.111595197208,18.904492833333,35.766911076597
AF075269,Simian immunodeficiency virus,0.0,0.08154296875,0.82421875,84.782999107138,30.111595197208,18.904492833333,35.766911076597
M31325,Simian immunodeficiency virus,0.0,0.08642578125,0.76171875,84.782999107138,30.111595197208,18.904492833333,35.766911076597
MF621235,Simian foamy virus,0.0,0.10107421875,0.82421875,83.992797394227,29.834723216583,18.904492833333,35.25358134431
MF472626,Simian foamy virus,1.0,0.2421875,0.734375,83.992797394227,29.834723216583,18.904492833333,35.25358134431
MK241969,Simian foamy virus,0.0,0.4296875,0.671875,83.992797394227,29.834723216583,18.904492833333,35.25358134431
MG051205,Simian foamy virus,0.0,0.12890625,0.79296875,83.992797394227,29.834723216583,18.904492833333,35.25358134431
MH368762,Simian foamy virus,0.0,0.0634765625,0.83984375,83.992797394227,29.834723216583,18.904492833333,35.25358134431
LC094267,Simian foamy virus,0.0,0.2021484375,0.71875,83.992797394227,29.834723216583,18.904492833333,35.25358134431
JQ867462,Simian foamy virus,1.0,0.158203125,0.765625,83.992797394227,29.834723216583,18.904492833333,35.25358134431
JQ867464,Simian foamy virus,1.0,0.1826171875,0.7421875,83.992797394227,29.834723216583,18.904492833333,35.25358134431
JQ867465,Simian foamy virus,1.0,0.1494140625,0.7734375,83.992797394227,29.834723216583,18.904492833333,35.25358134431
PQ489024,Severe acute respiratory syndrome coronavirus 2,1.0,0.099609375,0.796875,97.432193382763,31.418863620833,16.750419483667,49.262910278263
BS012807,Severe acute respiratory syndrome coronavirus 2,1.0,0.10498046875,0.80078125,97.432193382763,31.418863620833,16.750419483667,49.262910278263
OY934477,Severe acute respiratory syndrome coronavirus 2,1.0,0.09814453125,0.80078125,97.432193382763,31.418863620833,16.750419483667,49.262910278263
OY936347,Severe acute respiratory syndrome coronavirus 2,1.0,0.09814453125,0.80078125,97.432193382763,31.418863620833,16.750419483667,49.262910278263
OY952276,Severe acute respiratory syndrome coronavirus 2,1.0,0.1025390625,0.79296875,97.432193382763,31.418863620833,16.750419483667,49.262910278263
OY964438,Severe acute respiratory syndrome coronavirus 2,1.0,0.09521484375,0.8046875,97.432193382763,31.418863620833,16.750419483667,49.262910278263
OY965637,Severe acute respiratory syndrome coronavirus 2,1.0,0.0966796875,0.8046875,97.432193382763,31.418863620833,16.750419483667,49.262910278263
OY893393,Severe acute respiratory syndrome coronavirus 2,1.0,0.0966796875,0.8046875,97.432193382763,31.418863620833,16.750419483667,49.262910278263
OY894031,Severe acute respiratory syndrome coronavirus 2,1.0,0.134765625,0.75,97.432193382763,31.418863620833,16.750419483667,49.262910278263
OY902333,Severe acute respiratory syndrome coronavirus 2,1.0,0.103515625,0.7890625,97.432193382763,31.418863620833,16.750419483667,49.262910278263
OY903780,Severe acute respiratory syndrome coronavirus 2,1.0,0.09521484375,0.8046875,97.432193382763,31.418863620833,16.750419483667,49.262910278263
OY892365,Severe acute respiratory syndrome coronavirus 2,1.0,0.09521484375,0.8046875,97.432193382763,31.418863620833,16.750419483667,49.262910278263
OY857713,Severe acute respiratory syndrome coronavirus 2,1.0,0.09814453125,0.80078125,97.432193382763,31.418863620833,16.750419483667,49.262910278263
OR648749,Severe acute respiratory syndrome coronavirus 2,1.0,0.09814453125,0.8046875,97.432193382763,31.418863620833,16.750419483667,49.262910278263
OY723165,Severe acute respiratory syndrome coronavirus 2,1.0,0.2255859375,0.65625,97.432193382763,31.418863620833,16.750419483667,49.262910278263
OY678818,Severe acute respiratory syndrome coronavirus 2,1.0,0.09521484375,0.8125,97.432193382763,31.418863620833,16.750419483667,49.262910278263
OY683277,Severe acute respiratory syndrome coronavirus 2,1.0,0.09814453125,0.80078125,97.432193382763,31.418863620833,16.750419483667,49.262910278263
OY694331,Severe acute respiratory syndrome coronavirus 2,1.0,0.09814453125,0.80859375,97.432193382763,31.418863620833,16.750419483667,49.262910278263
OY642380,Severe acute respiratory syndrome coronavirus 2,1.0,0.09814453125,0.8046875,97.432193382763,31.418863620833,16.750419483667,49.262910278263
OY644516,Severe acute respiratory syndrome coronavirus 2,1.0,0.09814453125,0.80078125,97.432193382763,31.418863620833,16.750419483667,49.262910278263
OY595783,Severe acute respiratory syndrome coronavirus 2,1.0,0.3203125,0.5859375,97.432193382763,31.418863620833,16.750419483667,49.262910278263
OY561215,Severe acute respiratory syndrome coronavirus 2,1.0,0.0966796875,0.8046875,97.432193382763,31.418863620833,16.750419483667,49.262910278263
OY513781,Severe acute respiratory syndrome coronavirus 2,1.0,0.1025390625,0.8046875,97.432193382763,31.418863620833,16.750419483667,49.262910278263
OY460304,Severe acute respiratory syndrome coronavirus 2,1.0,0.0966796875,0.8046875,97.432193382763,31.418863620833,16.750419483667,49.262910278263
OY408270,Severe acute respiratory syndrome coronavirus 2,1.0,0.0966796875,0.8046875,97.432193382763,31.418863620833,16.750419483667,49.262910278263
OR303816,Severe acute respiratory syndrome coronavirus 2,1.0,0.10107421875,0.80078125,97.432193382763,31.418863620833,16.750419483667,49.262910278263
OY382911,Severe acute respiratory syndrome coronavirus 2,1.0,0.103515625,0.79296875,97.432193382763,31.418863620833,16.750419483667,49.262910278263
OY390087,Severe acute respiratory syndrome coronavirus 2,1.0,0.103515625,0.7890625,97.432193382763,31.418863620833,16.750419483667,49.262910278263
OY313246,Severe acute respiratory syndrome coronavirus 2,1.0,0.10498046875,0.80078125,97.432193382763,31.418863620833,16.750419483667,49.262910278263
OY290097,Severe acute respiratory syndrome coronavirus 2,1.0,0.10107421875,0.796875,97.432193382763,31.418863620833,16.750419483667,49.262910278263
OX971279,Severe acute respiratory syndrome coronavirus 2,1.0,0.11279296875,0.7734375,97.432193382763,31.418863620833,16.750419483667,49.262910278263
OX972914,Severe acute respiratory syndrome coronavirus 2,1.0,0.099609375,0.80078125,97.432193382763,31.418863620833,16.750419483667,49.262910278263
OX973879,Severe acute respiratory syndrome coronavirus 2,1.0,0.1025390625,0.7890625,97.432193382763,31.418863620833,16.750419483667,49.262910278263
OX979878,Severe acute respiratory syndrome coronavirus 2,1.0,0.099609375,0.8046875,97.432193382763,31.418863620833,16.750419483667,49.262910278263
OX793457,Severe acute respiratory syndrome coronavirus 2,1.0,0.09814453125,0.80078125,97.432193382763,31.418863620833,16.750419483667,49.262910278263
OX795510,Severe acute respiratory syndrome coronavirus 2,1.0,0.10986328125,0.7890625,97.432193382763,31.418863620833,16.750419483667,49.262910278263
OX810040,Severe acute respiratory syndrome coronavirus 2,1.0,0.6953125,0.314453125,97.432193382763,31.418863620833,16.750419483667,49.262910278263
OX883454,Severe acute respiratory syndrome coronavirus 2,1.0,0.0966796875,0.80078125,97.432193382763,31.418863620833,16.750419483667,49.262910278263
OX888386,Severe acute respiratory syndrome coronavirus 2,1.0,0.0966796875,0.80078125,97.432193382763,31.418863620833,16.750419483667,49.262910278263
OX695992,Severe acute respiratory syndrome coronavirus 2,1.0,0.1689453125,0.7265625,97.432193382763,31.418863620833,16.750419483667,49.262910278263
OX719728,Severe acute respiratory syndrome coronavirus 2,1.0,0.103515625,0.79296875,97.432193382763,31.418863620833,16.750419483667,49.262910278263
OX724552,Severe acute respiratory syndrome coronavirus 2,1.0,0.1083984375,0.79296875,97.432193382763,31.418863620833,16.750419483667,49.262910278263
OX657908,Severe acute respiratory syndrome coronavirus 2,1.0,0.0966796875,0.80078125,97.432193382763,31.418863620833,16.750419483667,49.262910278263
OX610411,Severe acute respiratory syndrome coronavirus 2,1.0,0.111328125,0.77734375,97.432193382763,31.418863620833,16.750419483667,49.262910278263
OX581257,Severe acute respiratory syndrome coronavirus 2,1.0,0.09814453125,0.80078125,97.432193382763,31.418863620833,16.750419483667,49.262910278263
OX519736,Severe acute respiratory syndrome coronavirus 2,1.0,0.09814453125,0.80078125,97.432193382763,31.418863620833,16.750419483667,49.262910278263
OX481467,Severe acute respiratory syndrome coronavirus 2,1.0,0.099609375,0.80078125,97.432193382763,31.418863620833,16.750419483667,49.262910278263
OQ082716,Severe acute respiratory syndrome coronavirus 2,1.0,0.09814453125,0.8046875,97.432193382763,31.418863620833,16.750419483667,49.262910278263
OP783513,Severe acute respiratory syndrome coronavirus 2,1.0,0.10107421875,0.8046875,97.432193382763,31.418863620833,16.750419483667,49.262910278263
OP367328,Severe acute respiratory syndrome coronavirus 2,1.0,0.10107421875,0.8046875,97.432193382763,31.418863620833,16.750419483667,49.262910278263
OP285732,Severe acute respiratory syndrome coronavirus 2,1.0,0.099609375,0.8046875,97.432193382763,31.418863620833,16.750419483667,49.262910278263
OP139200,Severe acute respiratory syndrome coronavirus 2,1.0,0.10107421875,0.80078125,97.432193382763,31.418863620833,16.750419483667,49.262910278263
OP126922,Severe acute respiratory syndrome coronavirus 2,1.0,0.10107421875,0.8046875,97.432193382763,31.418863620833,16.750419483667,49.262910278263
OP112262,Severe acute respiratory syndrome coronavirus 2,1.0,0.10107421875,0.8046875,97.432193382763,31.418863620833,16.750419483667,49.262910278263
OP063723,Severe acute respiratory syndrome coronavirus 2,1.0,0.10107421875,0.80078125,97.432193382763,31.418863620833,16.750419483667,49.262910278263
OP069339,Severe acute respiratory syndrome coronavirus 2,1.0,0.10107421875,0.8046875,97.432193382763,31.418863620833,16.750419483667,49.262910278263
OP007809,Severe acute respiratory syndrome coronavirus 2,1.0,0.10107421875,0.8046875,97.432193382763,31.418863620833,16.750419483667,49.262910278263
ON845973,Severe acute respiratory syndrome coronavirus 2,1.0,0.10107421875,0.80078125,97.432193382763,31.418863620833,16.750419483667,49.262910278263
ON821337,Severe acute respiratory syndrome coronavirus 2,1.0,0.10107421875,0.80078125,97.432193382763,31.418863620833,16.750419483667,49.262910278263
ON825727,Severe acute respiratory syndrome coronavirus 2,1.0,0.09814453125,0.8046875,97.432193382763,31.418863620833,16.750419483667,49.262910278263
OX080137,Severe acute respiratory syndrome coronavirus 2,1.0,0.0888671875,0.8203125,97.432193382763,31.418863620833,16.750419483667,49.262910278263
ON648240,Severe acute respiratory syndrome coronavirus 2,1.0,0.099609375,0.8046875,97.432193382763,31.418863620833,16.750419483667,49.262910278263
ON589039,Severe acute respiratory syndrome coronavirus 2,1.0,0.099609375,0.8046875,97.432193382763,31.418863620833,16.750419483667,49.262910278263
ON504091,Severe acute respiratory syndrome coronavirus 2,1.0,0.10107421875,0.8046875,97.432193382763,31.418863620833,16.750419483667,49.262910278263
ON417879,Severe acute respiratory syndrome coronavirus 2,1.0,0.10107421875,0.80078125,97.432193382763,31.418863620833,16.750419483667,49.262910278263
ON343269,Severe acute respiratory syndrome coronavirus 2,1.0,0.09814453125,0.80078125,97.432193382763,31.418863620833,16.750419483667,49.262910278263
ON291155,Severe acute respiratory syndrome coronavirus 2,1.0,0.09814453125,0.80078125,97.432193382763,31.418863620833,16.750419483667,49.262910278263
ON294677,Severe acute respiratory syndrome coronavirus 2,1.0,0.099609375,0.8046875,97.432193382763,31.418863620833,16.750419483667,49.262910278263
ON250250,Severe acute respiratory syndrome coronavirus 2,1.0,0.10107421875,0.80078125,97.432193382763,31.418863620833,16.750419483667,49.262910278263
OW483755,Severe acute respiratory syndrome coronavirus 2,1.0,0.609375,0.40625,97.432193382763,31.418863620833,16.750419483667,49.262910278263
OW517144,Severe acute respiratory syndrome coronavirus 2,1.0,0.546875,0.52734375,97.432193382763,31.418863620833,16.750419483667,49.262910278263
ON234665,Severe acute respiratory syndrome coronavirus 2,1.0,0.10107421875,0.8046875,97.432193382763,31.418863620833,16.750419483667,49.262910278263
ON043461,Severe acute respiratory syndrome coronavirus 2,1.0,0.099609375,0.80078125,97.432193382763,31.418863620833,16.750419483667,49.262910278263
OW120798,Severe acute respiratory syndrome coronavirus 2,1.0,0.09521484375,0.80859375,97.432193382763,31.418863620833,16.750419483667,49.262910278263
OM694608,Severe acute respiratory syndrome coronavirus 2,1.0,0.10107421875,0.8046875,97.432193382763,31.418863620833,16.750419483667,49.262910278263
OM644991,Severe acute respiratory syndrome coronavirus 2,1.0,0.099609375,0.8046875,97.432193382763,31.418863620833,16.750419483667,49.262910278263
OM539895,Severe acute respiratory syndrome coronavirus 2,1.0,0.099609375,0.8046875,97.432193382763,31.418863620833,16.750419483667,49.262910278263
OM534151,Severe acute respiratory syndrome coronavirus 2,1.0,0.09814453125,0.80859375,97.432193382763,31.418863620833,16.750419483667,49.262910278263
OM492499,Severe acute respiratory syndrome coronavirus 2,1.0,0.09814453125,0.8046875,97.432193382763,31.418863620833,16.750419483667,49.262910278263
OM349709,Severe acute respiratory syndrome coronavirus 2,1.0,0.09814453125,0.8046875,97.432193382763,31.418863620833,16.750419483667,49.262910278263
OM285343,Severe acute respiratory syndrome coronavirus 2,1.0,0.10107421875,0.796875,97.432193382763,31.418863620833,16.750419483667,49.262910278263
OM122384,Severe acute respiratory syndrome coronavirus 2,1.0,0.10107421875,0.80078125,97.432193382763,31.418863620833,16.750419483667,49.262910278263
OM097721,Severe acute respiratory syndrome coronavirus 2,1.0,0.10107421875,0.80078125,97.432193382763,31.418863620833,16.750419483667,49.262910278263
OV305959,Severe acute respiratory syndrome coronavirus 2,1.0,0.10107421875,0.79296875,97.432193382763,31.418863620833,16.750419483667,49.262910278263
OM045999,Severe acute respiratory syndrome coronavirus 2,1.0,0.099609375,0.796875,97.432193382763,31.418863620833,16.750419483667,49.262910278263
OL998035,Severe acute respiratory syndrome coronavirus 2,1.0,0.10107421875,0.80078125,97.432193382763,31.418863620833,16.750419483667,49.262910278263
OL875744,Severe acute respiratory syndrome coronavirus 2,1.0,0.10107421875,0.80078125,97.432193382763,31.418863620833,16.750419483667,49.262910278263
MZ493986,Severe acute respiratory syndrome coronavirus 2,1.0,0.10107421875,0.80078125,97.432193382763,31.418863620833,16.750419483667,49.262910278263
MZ331117,Severe acute respiratory syndrome coronavirus 2,1.0,0.09814453125,0.8046875,97.432193382763,31.418863620833,16.750419483667,49.262910278263
MZ307462,Severe acute respiratory syndrome coronavirus 2,1.0,0.10107421875,0.80078125,97.432193382763,31.418863620833,16.750419483667,49.262910278263
OU030217,Severe acute respiratory syndrome coronavirus 2,1.0,0.09814453125,0.796875,97.432193382763,31.418863620833,16.750419483667,49.262910278263
MZ202016,Severe acute respiratory syndrome coronavirus 2,1.0,0.09814453125,0.80078125,97.432193382763,31.418863620833,16.750419483667,49.262910278263
OD970282,Severe acute respiratory syndrome coronavirus 2,1.0,0.09814453125,0.796875,97.432193382763,31.418863620833,16.750419483667,49.262910278263
OD965094,Severe acute respiratory syndrome coronavirus 2,1.0,0.099609375,0.796875,97.432193382763,31.418863620833,16.750419483667,49.262910278263
MW990594,Severe acute respiratory syndrome coronavirus 2,1.0,0.099609375,0.796875,97.432193382763,31.418863620833,16.750419483667,49.262910278263
MW777885,Severe acute respiratory syndrome coronavirus 2,1.0,0.0966796875,0.8046875,97.432193382763,31.418863620833,16.750419483667,49.262910278263
MW629194,Severe acute respiratory syndrome coronavirus 2,1.0,0.099609375,0.80078125,97.432193382763,31.418863620833,16.750419483667,49.262910278263
MW153316,Severe acute respiratory syndrome coronavirus 2,1.0,0.099609375,0.8046875,97.432193382763,31.418863620833,16.750419483667,49.262910278263
LR884165,Severe acute respiratory syndrome coronavirus 2,1.0,0.10107421875,0.80078125,97.432193382763,31.418863620833,16.750419483667,49.262910278263
MT972445,Severe acute respiratory syndrome coronavirus 2,1.0,0.10107421875,0.80078125,97.432193382763,31.418863620833,16.750419483667,49.262910278263
MG762674,Rousettus bat coronavirus HKU9,0.0,0.1982421875,0.65625,80.007640980097,30.450554743167,22.689089705,26.86799653193
EF065513,Rousettus bat coronavirus HKU9,0.0,0.2021484375,0.65625,80.007640980097,30.450554743167,22.689089705,26.86799653193
PP849419,Rotavirus A,0.0,0.2734375,0.63671875,69.951474800977,20.063450222667,18.200154933667,31.687869644643
PP849434,Rotavirus A,0.0,0.640625,0.68359375,69.951474800977,20.063450222667,18.200154933667,31.687869644643
PP849453,Rotavirus A,0.0,0.609375,0.3671875,69.951474800977,20.063450222667,18.200154933667,31.687869644643
PP874419,Rotavirus A,0.0,0.6640625,0.34375,69.951474800977,20.063450222667,18.200154933667,31.687869644643
PP874451,Rotavirus A,0.0,0.64453125,0.67578125,69.951474800977,20.063450222667,18.200154933667,31.687869644643
PP874458,Rotavirus A,0.0,0.59375,0.2734375,69.951474800977,20.063450222667,18.200154933667,31.687869644643
PP848505,Rotavirus A,1.0,0.46875,0.62890625,69.951474800977,20.063450222667,18.200154933667,31.687869644643
PP848569,Rotavirus A,1.0,0.79296875,0.56640625,69.951474800977,20.063450222667,18.200154933667,31.687869644643
PP848614,Rotavirus A,1.0,0.6640625,0.333984375,69.951474800977,20.063450222667,18.200154933667,31.687869644643
PP848618,Rotavirus A,1.0,0.66796875,0.322265625,69.951474800977,20.063450222667,18.200154933667,31.687869644643
PP848637,Rotavirus A,1.0,0.72265625,0.404296875,69.951474800977,20.063450222667,18.200154933667,31.687869644643
PP848639,Rotavirus A,1.0,0.72265625,0.337890625,69.951474800977,20.063450222667,18.200154933667,31.687869644643
PP848653,Rotavirus A,1.0,0.5859375,0.330078125,69.951474800977,20.063450222667,18.200154933667,31.687869644643
PP848660,Rotavirus A,1.0,0.625,0.412109375,69.951474800977,20.063450222667,18.200154933667,31.687869644643
PP848667,Rotavirus A,1.0,0.625,0.279296875,69.951474800977,20.063450222667,18.200154933667,31.687869644643
PP848699,Rotavirus A,1.0,0.5859375,0.30859375,69.951474800977,20.063450222667,18.200154933667,31.687869644643
PP848734,Rotavirus A,1.0,0.57421875,0.451171875,69.951474800977,20.063450222667,18.200154933667,31.687869644643
PP848785,Rotavirus A,1.0,0.5703125,0.265625,69.951474800977,20.063450222667,18.200154933667,31.687869644643
OR210373,Rotavirus A,1.0,0.58984375,0.322265625,69.951474800977,20.063450222667,18.200154933667,31.687869644643
OR210387,Rotavirus A,1.0,0.58203125,0.310546875,69.951474800977,20.063450222667,18.200154933667,31.687869644643
OR210394,Rotavirus A,1.0,0.59375,0.326171875,69.951474800977,20.063450222667,18.200154933667,31.687869644643
OR210396,Rotavirus A,1.0,0.58984375,0.3125,69.951474800977,20.063450222667,18.200154933667,31.687869644643
OR210407,Rotavirus A,1.0,0.5859375,0.3125,69.951474800977,20.063450222667,18.200154933667,31.687869644643
OP255983,Rotavirus A,1.0,0.6484375,0.36328125,69.951474800977,20.063450222667,18.200154933667,31.687869644643
OP950165,Rotavirus A,1.0,0.63671875,0.38671875,69.951474800977,20.063450222667,18.200154933667,31.687869644643
OP717092,Rotavirus A,1.0,0.54296875,0.65234375,69.951474800977,20.063450222667,18.200154933667,31.687869644643
OP717133,Rotavirus A,1.0,0.455078125,0.63671875,69.951474800977,20.063450222667,18.200154933667,31.687869644643
OP717193,Rotavirus A,1.0,0.58984375,0.6640625,69.951474800977,20.063450222667,18.200154933667,31.687869644643
OP717214,Rotavirus A,1.0,0.59765625,0.6640625,69.951474800977,20.063450222667,18.200154933667,31.687869644643
OP717222,Rotavirus A,1.0,0.59765625,0.6640625,69.951474800977,20.063450222667,18.200154933667,31.687869644643
OP717228,Rotavirus A,1.0,0.59765625,0.6640625,69.951474800977,20.063450222667,18.200154933667,31.687869644643
OP717243,Rotavirus A,1.0,0.59375,0.6640625,69.951474800977,20.063450222667,18.200154933667,31.687869644643
OP717298,Rotavirus A,1.0,0.5859375,0.6484375,69.951474800977,20.063450222667,18.200154933667,31.687869644643
OP717381,Rotavirus A,1.0,0.79296875,0.494140625,69.951474800977,20.063450222667,18.200154933667,31.687869644643
OP717390,Rotavirus A,1.0,0.78515625,0.48828125,69.951474800977,20.063450222667,18.200154933667,31.687869644643
OP717434,Rotavirus A,1.0,0.7890625,0.494140625,69.951474800977,20.063450222667,18.200154933667,31.687869644643
OP717465,Rotavirus A,1.0,0.7890625,0.49609375,69.951474800977,20.063450222667,18.200154933667,31.687869644643
OP717469,Rotavirus A,1.0,0.7890625,0.498046875,69.951474800977,20.063450222667,18.200154933667,31.687869644643
OP717487,Rotavirus A,1.0,0.53125,0.486328125,69.951474800977,20.063450222667,18.200154933667,31.687869644643
OP717504,Rotavirus A,1.0,0.53515625,0.48828125,69.951474800977,20.063450222667,18.200154933667,31.687869644643
OP717509,Rotavirus A,1.0,0.54296875,0.478515625,69.951474800977,20.063450222667,18.200154933667,31.687869644643
OP717541,Rotavirus A,1.0,0.55859375,0.466796875,69.951474800977,20.063450222667,18.200154933667,31.687869644643
OP717547,Rotavirus A,1.0,0.55859375,0.46875,69.951474800977,20.063450222667,18.200154933667,31.687869644643
OP717553,Rotavirus A,1.0,0.55859375,0.470703125,69.951474800977,20.063450222667,18.200154933667,31.687869644643
OP717582,Rotavirus A,1.0,0.55859375,0.466796875,69.951474800977,20.063450222667,18.200154933667,31.687869644643
OP717596,Rotavirus A,1.0,0.6328125,0.27734375,69.951474800977,20.063450222667,18.200154933667,31.687869644643
OP717645,Rotavirus A,1.0,0.68359375,0.388671875,69.951474800977,20.063450222667,18.200154933667,31.687869644643
OP717652,Rotavirus A,1.0,0.67578125,0.408203125,69.951474800977,20.063450222667,18.200154933667,31.687869644643
OP717659,Rotavirus A,1.0,0.66796875,0.373046875,69.951474800977,20.063450222667,18.200154933667,31.687869644643
OP717707,Rotavirus A,1.0,0.5390625,0.5234375,69.951474800977,20.063450222667,18.200154933667,31.687869644643
OP717769,Rotavirus A,1.0,0.462890625,0.54296875,69.951474800977,20.063450222667,18.200154933667,31.687869644643
OP717789,Rotavirus A,1.0,0.58984375,0.322265625,69.951474800977,20.063450222667,18.200154933667,31.687869644643
OP717826,Rotavirus A,1.0,0.59375,0.32421875,69.951474800977,20.063450222667,18.200154933667,31.687869644643
OP717843,Rotavirus A,1.0,0.59375,0.32421875,69.951474800977,20.063450222667,18.200154933667,31.687869644643
OP717894,Rotavirus A,1.0,0.625,0.27734375,69.951474800977,20.063450222667,18.200154933667,31.687869644643
OP717920,Rotavirus A,1.0,0.6328125,0.26953125,69.951474800977,20.063450222667,18.200154933667,31.687869644643
OP717951,Rotavirus A,1.0,0.625,0.27734375,69.951474800977,20.063450222667,18.200154933667,31.687869644643
OP717960,Rotavirus A,1.0,0.63671875,0.26953125,69.951474800977,20.063450222667,18.200154933667,31.687869644643
OP718049,Rotavirus A,1.0,0.59375,0.349609375,69.951474800977,20.063450222667,18.200154933667,31.687869644643
OP718053,Rotavirus A,1.0,0.59375,0.345703125,69.951474800977,20.063450222667,18.200154933667,31.687869644643
OP718096,Rotavirus A,1.0,0.640625,0.3671875,69.951474800977,20.063450222667,18.200154933667,31.687869644643
OP718098,Rotavirus A,1.0,0.640625,0.3671875,69.951474800977,20.063450222667,18.200154933667,31.687869644643
OP718130,Rotavirus A,1.0,0.62890625,0.361328125,69.951474800977,20.063450222667,18.200154933667,31.687869644643
OP718143,Rotavirus A,1.0,0.62890625,0.35546875,69.951474800977,20.063450222667,18.200154933667,31.687869644643
ON059882,Rotavirus A,0.0,0.578125,0.443359375,69.951474800977,20.063450222667,18.200154933667,31.687869644643
ON059883,Rotavirus A,0.0,0.5859375,0.41796875,69.951474800977,20.063450222667,18.200154933667,31.687869644643
MN481633,Rotavirus A,0.0,0.451171875,0.65234375,69.951474800977,20.063450222667,18.200154933667,31.687869644643
MN481637,Rotavirus A,0.0,0.5625,0.416015625,69.951474800977,20.063450222667,18.200154933667,31.687869644643
MH171341,Rotavirus A,1.0,0.7890625,0.494140625,69.951474800977,20.063450222667,18.200154933667,31.687869644643
MH171355,Rotavirus A,1.0,0.77734375,0.45703125,69.951474800977,20.063450222667,18.200154933667,31.687869644643
MH171410,Rotavirus A,1.0,0.71484375,0.39453125,69.951474800977,20.063450222667,18.200154933667,31.687869644643
MH171419,Rotavirus A,1.0,0.62890625,0.421875,69.951474800977,20.063450222667,18.200154933667,31.687869644643
MH668303,Rotavirus A,0.0,0.6015625,0.2236328125,69.951474800977,20.063450222667,18.200154933667,31.687869644643
MH704737,Rotavirus A,1.0,0.625,0.33984375,69.951474800977,20.063450222667,18.200154933667,31.687869644643
KX632271,Rotavirus A,1.0,0.71875,0.349609375,69.951474800977,20.063450222667,18.200154933667,31.687869644643
KX632273,Rotavirus A,1.0,0.61328125,0.326171875,69.951474800977,20.063450222667,18.200154933667,31.687869644643
KX632284,Rotavirus A,1.0,0.62890625,0.259765625,69.951474800977,20.063450222667,18.200154933667,31.687869644643
KX632304,Rotavirus A,1.0,0.73046875,0.361328125,69.951474800977,20.063450222667,18.200154933667,31.687869644643
KX632333,Rotavirus A,1.0,0.796875,0.5703125,69.951474800977,20.063450222667,18.200154933667,31.687869644643
KX655446,Rotavirus A,1.0,0.388671875,0.55078125,69.951474800977,20.063450222667,18.200154933667,31.687869644643
KX655454,Rotavirus A,1.0,0.73828125,0.625,69.951474800977,20.063450222667,18.200154933667,31.687869644643
KX655472,Rotavirus A,1.0,0.62890625,0.36328125,69.951474800977,20.063450222667,18.200154933667,31.687869644643
KX655486,Rotavirus A,1.0,0.7890625,0.498046875,69.951474800977,20.063450222667,18.200154933667,31.687869644643
KY055416,Rotavirus A,0.0,0.80078125,0.56640625,69.951474800977,20.063450222667,18.200154933667,31.687869644643
KY055422,Rotavirus A,0.0,0.6171875,0.35546875,69.951474800977,20.063450222667,18.200154933667,31.687869644643
KY055427,Rotavirus A,0.0,0.75390625,0.65625,69.951474800977,20.063450222667,18.200154933667,31.687869644643
KY055436,Rotavirus A,0.0,0.625,0.494140625,69.951474800977,20.063450222667,18.200154933667,31.687869644643
KX988280,Rotavirus A,0.0,0.62890625,0.298828125,69.951474800977,20.063450222667,18.200154933667,31.687869644643
KU870388,Rotavirus A,1.0,0.78125,0.470703125,69.951474800977,20.063450222667,18.200154933667,31.687869644643
KU870389,Rotavirus A,1.0,0.58984375,0.515625,69.951474800977,20.063450222667,18.200154933667,31.687869644643
KJ870891,Rotavirus A,1.0,0.4296875,0.6328125,69.951474800977,20.063450222667,18.200154933667,31.687869644643
KJ870906,Rotavirus A,1.0,0.734375,0.412109375,69.951474800977,20.063450222667,18.200154933667,31.687869644643
KJ870908,Rotavirus A,1.0,0.58203125,0.42578125,69.951474800977,20.063450222667,18.200154933667,31.687869644643
JX406755,Rotavirus A,1.0,0.69921875,0.369140625,69.951474800977,20.063450222667,18.200154933667,31.687869644643
JN013995,Rotavirus A,1.0,0.7734375,0.470703125,69.951474800977,20.063450222667,18.200154933667,31.687869644643
JN013996,Rotavirus A,1.0,0.77734375,0.58984375,69.951474800977,20.063450222667,18.200154933667,31.687869644643
HQ657153,Rotavirus A,1.0,0.5546875,0.462890625,69.951474800977,20.063450222667,18.200154933667,31.687869644643
HQ657155,Rotavirus A,1.0,0.72265625,0.349609375,69.951474800977,20.063450222667,18.200154933667,31.687869644643
FJ169853,Rotavirus A,0.0,0.71875,0.671875,69.951474800977,20.063450222667,18.200154933667,31.687869644643
DQ005124,Rotavirus A,1.0,0.63671875,0.66796875,69.951474800977,20.063450222667,18.200154933667,31.687869644643
OQ297716,Rodent coronavirus,0.0,0.1982421875,0.65625,73.796406499472,30.173682762542,18.200154933667,25.422568803263
MW855473,Rodent coronavirus,0.0,0.1796875,0.66796875,73.796406499472,30.173682762542,18.200154933667,25.422568803263
MW802582,Rodent coronavirus,0.0,0.185546875,0.6640625,73.796406499472,30.173682762542,18.200154933667,25.422568803263
MT549854,Rodent coronavirus,0.0,0.185546875,0.66015625,73.796406499472,30.173682762542,18.200154933667,25.422568803263
PP991503,Rhinovirus C,1.0,0.1416015625,0.6875,68.076980148787,20.941877463333,13.0392653225,34.095837362953
PP991504,Rhinovirus C,1.0,0.1416015625,0.69140625,68.076980148787,20.941877463333,13.0392653225,34.095837362953
OR220808,Rhinovirus C,1.0,0.119140625,0.7109375,68.076980148787,20.941877463333,13.0392653225,34.095837362953
MZ667421,Rhinovirus C,1.0,0.12353515625,0.7109375,68.076980148787,20.941877463333,13.0392653225,34.095837362953
MZ447875,Rhinovirus C,1.0,0.1279296875,0.66796875,68.076980148787,20.941877463333,13.0392653225,34.095837362953
MW679007,Rhinovirus C,1.0,0.0849609375,0.76953125,68.076980148787,20.941877463333,13.0392653225,34.095837362953
MW679009,Rhinovirus C,1.0,0.11767578125,0.72265625,68.076980148787,20.941877463333,13.0392653225,34.095837362953
MZ268666,Rhinovirus C,1.0,0.1337890625,0.7265625,68.076980148787,20.941877463333,13.0392653225,34.095837362953
MZ268682,Rhinovirus C,1.0,0.11767578125,0.72265625,68.076980148787,20.941877463333,13.0392653225,34.095837362953
MZ268701,Rhinovirus C,1.0,0.1328125,0.69140625,68.076980148787,20.941877463333,13.0392653225,34.095837362953
MN369030,Rhinovirus C,1.0,0.142578125,0.6640625,68.076980148787,20.941877463333,13.0392653225,34.095837362953
MN369031,Rhinovirus C,1.0,0.16015625,0.66015625,68.076980148787,20.941877463333,13.0392653225,34.095837362953
MN369033,Rhinovirus C,1.0,0.103515625,0.7109375,68.076980148787,20.941877463333,13.0392653225,34.095837362953
MN306023,Rhinovirus C,1.0,0.1357421875,0.66015625,68.076980148787,20.941877463333,13.0392653225,34.095837362953
MN306026,Rhinovirus C,1.0,0.07177734375,0.84375,68.076980148787,20.941877463333,13.0392653225,34.095837362953
MN306035,Rhinovirus C,1.0,0.0927734375,0.7890625,68.076980148787,20.941877463333,13.0392653225,34.095837362953
MH330336,Rhinovirus C,1.0,0.15234375,0.671875,68.076980148787,20.941877463333,13.0392653225,34.095837362953
KY369879,Rhinovirus C,1.0,0.150390625,0.6875,68.076980148787,20.941877463333,13.0392653225,34.095837362953
KY369880,Rhinovirus C,1.0,0.166015625,0.671875,68.076980148787,20.941877463333,13.0392653225,34.095837362953
KY369882,Rhinovirus C,1.0,0.1552734375,0.671875,68.076980148787,20.941877463333,13.0392653225,34.095837362953
KP890662,Rhinovirus C,1.0,0.177734375,0.66796875,68.076980148787,20.941877463333,13.0392653225,34.095837362953
KP890663,Rhinovirus C,1.0,0.1083984375,0.73828125,68.076980148787,20.941877463333,13.0392653225,34.095837362953
KP890664,Rhinovirus C,1.0,0.1572265625,0.6796875,68.076980148787,20.941877463333,13.0392653225,34.095837362953
KU695562,Rhinovirus C,1.0,0.1357421875,0.71484375,68.076980148787,20.941877463333,13.0392653225,34.095837362953
KJ675505,Rhinovirus C,1.0,0.13671875,0.6796875,68.076980148787,20.941877463333,13.0392653225,34.095837362953
KJ675506,Rhinovirus C,1.0,0.12255859375,0.73046875,68.076980148787,20.941877463333,13.0392653225,34.095837362953
KJ675507,Rhinovirus C,1.0,0.1240234375,0.71484375,68.076980148787,20.941877463333,13.0392653225,34.095837362953
KF734978,Rhinovirus C,1.0,0.1435546875,0.68359375,68.076980148787,20.941877463333,13.0392653225,34.095837362953
KF958310,Rhinovirus C,1.0,0.15625,0.6796875,68.076980148787,20.941877463333,13.0392653225,34.095837362953
KF958311,Rhinovirus C,1.0,0.140625,0.6796875,68.076980148787,20.941877463333,13.0392653225,34.095837362953
JN205461,Rhinovirus C,1.0,0.154296875,0.671875,68.076980148787,20.941877463333,13.0392653225,34.095837362953
JF317013,Rhinovirus C,1.0,0.158203125,0.67578125,68.076980148787,20.941877463333,13.0392653225,34.095837362953
JF317014,Rhinovirus C,1.0,0.1298828125,0.69921875,68.076980148787,20.941877463333,13.0392653225,34.095837362953
JF317016,Rhinovirus C,1.0,0.13671875,0.69140625,68.076980148787,20.941877463333,13.0392653225,34.095837362953
JF317017,Rhinovirus C,1.0,0.111328125,0.69921875,68.076980148787,20.941877463333,13.0392653225,34.095837362953
MF370205,Rhinolophus bat coronavirus HKU2,0.0,0.1826171875,0.65234375,70.60782279718,26.407103899917,18.055436229667,26.145282667597
EF065509,Pipistrellus bat coronavirus HKU5,0.0,0.171875,0.66015625,52.27160677593,19.328289352667,8.2434624843333,24.69985493893
EF202833,Ljungan virus,0.0,0.1611328125,0.67578125,66.412494065333,21.128797679,8.2434624843333,37.040233902
OR637323,Orf virus,0.0,0.33984375,0.40625,65.336616858727,24.548696820583,9.4798061865,31.308113851643
OR637324,Orf virus,0.0,0.33203125,0.412109375,65.336616858727,24.548696820583,9.4798061865,31.308113851643
OR637325,Orf virus,0.0,0.337890625,0.40625,65.336616858727,24.548696820583,9.4798061865,31.308113851643
OR427036,Orf virus,0.0,0.333984375,0.404296875,65.336616858727,24.548696820583,9.4798061865,31.308113851643
OR453678,Orf virus,0.0,0.333984375,0.404296875,65.336616858727,24.548696820583,9.4798061865,31.308113851643
ON805830,Orf virus,0.0,0.34375,0.40625,65.336616858727,24.548696820583,9.4798061865,31.308113851643
ON805831,Orf virus,0.0,0.35546875,0.404296875,65.336616858727,24.548696820583,9.4798061865,31.308113851643
ON805832,Orf virus,0.0,0.341796875,0.40625,65.336616858727,24.548696820583,9.4798061865,31.308113851643
ON805833,Orf virus,0.0,0.35546875,0.408203125,65.336616858727,24.548696820583,9.4798061865,31.308113851643
ON380499,Orf virus,0.0,0.33203125,0.419921875,65.336616858727,24.548696820583,9.4798061865,31.308113851643
ON380500,Orf virus,0.0,0.33203125,0.419921875,65.336616858727,24.548696820583,9.4798061865,31.308113851643
MW537048,Orf virus,0.0,0.349609375,0.41015625,65.336616858727,24.548696820583,9.4798061865,31.308113851643
MN648218,Orf virus,0.0,0.337890625,0.412109375,65.336616858727,24.548696820583,9.4798061865,31.308113851643
MN648219,Orf virus,0.0,0.337890625,0.4140625,65.336616858727,24.548696820583,9.4798061865,31.308113851643
MT332357,Orf virus,0.0,0.34375,0.416015625,65.336616858727,24.548696820583,9.4798061865,31.308113851643
LR594616,Orf virus,1.0,0.3515625,0.408203125,65.336616858727,24.548696820583,9.4798061865,31.308113851643
MN454854,Orf virus,0.0,0.333984375,0.423828125,65.336616858727,24.548696820583,9.4798061865,31.308113851643
MG712417,Orf virus,0.0,0.33984375,0.416015625,65.336616858727,24.548696820583,9.4798061865,31.308113851643
MG674916,Orf virus,0.0,0.34375,0.41796875,65.336616858727,24.548696820583,9.4798061865,31.308113851643
KY053526,Orf virus,0.0,0.341796875,0.412109375,65.336616858727,24.548696820583,9.4798061865,31.308113851643
KP010353,Orf virus,0.0,0.34375,0.412109375,65.336616858727,24.548696820583,9.4798061865,31.308113851643
KP010354,Orf virus,0.0,0.34765625,0.4140625,65.336616858727,24.548696820583,9.4798061865,31.308113851643
KP010355,Orf virus,0.0,0.3515625,0.40625,65.336616858727,24.548696820583,9.4798061865,31.308113851643
KP010356,Orf virus,0.0,0.33984375,0.421875,65.336616858727,24.548696820583,9.4798061865,31.308113851643
KF234407,Orf virus,0.0,0.345703125,0.412109375,65.336616858727,24.548696820583,9.4798061865,31.308113851643
HM133903,Orf virus,0.0,0.35546875,0.40625,65.336616858727,24.548696820583,9.4798061865,31.308113851643
HM049560,Murine adenovirus 2,0.0,0.294921875,0.51171875,46.072276022953,18.047752057833,5.6443310075,22.38019295762
KF268336,Murine coronavirus,0.0,0.2041015625,0.63671875,78.62266620568,32.850176840417,18.904492833333,26.86799653193
KF268337,Murine coronavirus,0.0,0.2041015625,0.63671875,78.62266620568,32.850176840417,18.904492833333,26.86799653193
KF268338,Murine coronavirus,0.0,0.203125,0.63671875,78.62266620568,32.850176840417,18.904492833333,26.86799653193
KF268339,Murine coronavirus,0.0,0.2060546875,0.63671875,78.62266620568,32.850176840417,18.904492833333,26.86799653193
PQ510603,Monkeypox virus,1.0,0.68359375,0.60546875,76.141239921203,24.93621381325,11.986048486,39.218977621953
PQ340486,Monkeypox virus,1.0,0.6796875,0.6015625,76.141239921203,24.93621381325,11.986048486,39.218977621953
PQ340492,Monkeypox virus,1.0,0.68359375,0.6015625,76.141239921203,24.93621381325,11.986048486,39.218977621953
OR785044,Monkeypox virus,1.0,0.6875,0.6015625,76.141239921203,24.93621381325,11.986048486,39.218977621953
OR146280,Monkeypox virus,1.0,0.68359375,0.6015625,76.141239921203,24.93621381325,11.986048486,39.218977621953
OR146283,Monkeypox virus,1.0,0.68359375,0.6015625,76.141239921203,24.93621381325,11.986048486,39.218977621953
OR146343,Monkeypox virus,1.0,0.6875,0.6015625,76.141239921203,24.93621381325,11.986048486,39.218977621953
OR146358,Monkeypox virus,1.0,0.6875,0.6015625,76.141239921203,24.93621381325,11.986048486,39.218977621953
OR146438,Monkeypox virus,1.0,0.6875,0.6015625,76.141239921203,24.93621381325,11.986048486,39.218977621953
PP852988,Monkeypox virus,1.0,0.6796875,0.60546875,76.141239921203,24.93621381325,11.986048486,39.218977621953
PP853005,Monkeypox virus,1.0,0.68359375,0.60546875,76.141239921203,24.93621381325,11.986048486,39.218977621953
PP853014,Monkeypox virus,1.0,0.6796875,0.6015625,76.141239921203,24.93621381325,11.986048486,39.218977621953
PP860025,Monkeypox virus,1.0,0.6796875,0.60546875,76.141239921203,24.93621381325,11.986048486,39.218977621953
PP860029,Monkeypox virus,1.0,0.6796875,0.6015625,76.141239921203,24.93621381325,11.986048486,39.218977621953
PP601218,Monkeypox virus,1.0,0.67578125,0.60546875,76.141239921203,24.93621381325,11.986048486,39.218977621953
PP533295,Monkeypox virus,1.0,0.66796875,0.609375,76.141239921203,24.93621381325,11.986048486,39.218977621953
PP533326,Monkeypox virus,1.0,0.66796875,0.609375,76.141239921203,24.93621381325,11.986048486,39.218977621953
PP098585,Monkeypox virus,1.0,0.6796875,0.6015625,76.141239921203,24.93621381325,11.986048486,39.218977621953
PP098609,Monkeypox virus,1.0,0.68359375,0.60546875,76.141239921203,24.93621381325,11.986048486,39.218977621953
PP098618,Monkeypox virus,1.0,0.68359375,0.6015625,76.141239921203,24.93621381325,11.986048486,39.218977621953
PP098619,Monkeypox virus,1.0,0.68359375,0.60546875,76.141239921203,24.93621381325,11.986048486,39.218977621953
OR766778,Monkeypox virus,1.0,0.68359375,0.6015625,76.141239921203,24.93621381325,11.986048486,39.218977621953
OR759194,Monkeypox virus,1.0,0.6796875,0.6015625,76.141239921203,24.93621381325,11.986048486,39.218977621953
OR464204,Monkeypox virus,1.0,0.68359375,0.6015625,76.141239921203,24.93621381325,11.986048486,39.218977621953
OR464218,Monkeypox virus,1.0,0.68359375,0.60546875,76.141239921203,24.93621381325,11.986048486,39.218977621953
OR427338,Monkeypox virus,1.0,0.68359375,0.6015625,76.141239921203,24.93621381325,11.986048486,39.218977621953
OR264415,Monkeypox virus,1.0,0.68359375,0.60546875,76.141239921203,24.93621381325,11.986048486,39.218977621953
OR264460,Monkeypox virus,1.0,0.68359375,0.6015625,76.141239921203,24.93621381325,11.986048486,39.218977621953
OR209307,Monkeypox virus,1.0,0.68359375,0.6015625,76.141239921203,24.93621381325,11.986048486,39.218977621953
OR095029,Monkeypox virus,1.0,0.6875,0.6015625,76.141239921203,24.93621381325,11.986048486,39.218977621953
OR035732,Monkeypox virus,1.0,0.6875,0.6015625,76.141239921203,24.93621381325,11.986048486,39.218977621953
OQ721939,Monkeypox virus,1.0,0.68359375,0.60546875,76.141239921203,24.93621381325,11.986048486,39.218977621953
OQ626772,Monkeypox virus,1.0,0.68359375,0.60546875,76.141239921203,24.93621381325,11.986048486,39.218977621953
OQ581854,Monkeypox virus,1.0,0.6796875,0.60546875,76.141239921203,24.93621381325,11.986048486,39.218977621953
OQ557944,Monkeypox virus,1.0,0.68359375,0.6015625,76.141239921203,24.93621381325,11.986048486,39.218977621953
OQ557955,Monkeypox virus,1.0,0.68359375,0.6015625,76.141239921203,24.93621381325,11.986048486,39.218977621953
OQ503750,Monkeypox virus,1.0,0.68359375,0.6015625,76.141239921203,24.93621381325,11.986048486,39.218977621953
OQ503754,Monkeypox virus,1.0,0.6796875,0.6015625,76.141239921203,24.93621381325,11.986048486,39.218977621953
OQ503757,Monkeypox virus,1.0,0.65625,0.609375,76.141239921203,24.93621381325,11.986048486,39.218977621953
OQ503771,Monkeypox virus,1.0,0.68359375,0.6015625,76.141239921203,24.93621381325,11.986048486,39.218977621953
OQ451902,Monkeypox virus,1.0,0.68359375,0.60546875,76.141239921203,24.93621381325,11.986048486,39.218977621953
OQ427114,Monkeypox virus,1.0,0.68359375,0.60546875,76.141239921203,24.93621381325,11.986048486,39.218977621953
OQ427128,Monkeypox virus,1.0,0.68359375,0.6015625,76.141239921203,24.93621381325,11.986048486,39.218977621953
OQ427129,Monkeypox virus,1.0,0.68359375,0.6015625,76.141239921203,24.93621381325,11.986048486,39.218977621953
OQ419032,Monkeypox virus,1.0,0.66796875,0.609375,76.141239921203,24.93621381325,11.986048486,39.218977621953
OQ419033,Monkeypox virus,1.0,0.66796875,0.609375,76.141239921203,24.93621381325,11.986048486,39.218977621953
OQ419040,Monkeypox virus,1.0,0.66796875,0.609375,76.141239921203,24.93621381325,11.986048486,39.218977621953
OQ320511,Monkeypox virus,1.0,0.68359375,0.60546875,76.141239921203,24.93621381325,11.986048486,39.218977621953
OQ320518,Monkeypox virus,1.0,0.68359375,0.6015625,76.141239921203,24.93621381325,11.986048486,39.218977621953
OQ320519,Monkeypox virus,1.0,0.68359375,0.6015625,76.141239921203,24.93621381325,11.986048486,39.218977621953
OP120937,Monkeypox virus,1.0,0.68359375,0.60546875,76.141239921203,24.93621381325,11.986048486,39.218977621953
OQ121962,Monkeypox virus,1.0,0.6875,0.60546875,76.141239921203,24.93621381325,11.986048486,39.218977621953
OP535329,Monkeypox virus,1.0,0.68359375,0.6015625,76.141239921203,24.93621381325,11.986048486,39.218977621953
OQ054226,Monkeypox virus,1.0,0.68359375,0.6015625,76.141239921203,24.93621381325,11.986048486,39.218977621953
OQ054238,Monkeypox virus,1.0,0.68359375,0.6015625,76.141239921203,24.93621381325,11.986048486,39.218977621953
OQ054239,Monkeypox virus,1.0,0.68359375,0.6015625,76.141239921203,24.93621381325,11.986048486,39.218977621953
OP837354,Monkeypox virus,1.0,0.68359375,0.6015625,76.141239921203,24.93621381325,11.986048486,39.218977621953
OP764625,Monkeypox virus,1.0,0.68359375,0.60546875,76.141239921203,24.93621381325,11.986048486,39.218977621953
OP727820,Monkeypox virus,1.0,0.67578125,0.6015625,76.141239921203,24.93621381325,11.986048486,39.218977621953
OP715818,Monkeypox virus,1.0,0.68359375,0.6015625,76.141239921203,24.93621381325,11.986048486,39.218977621953
OP687946,Monkeypox virus,1.0,0.68359375,0.6015625,76.141239921203,24.93621381325,11.986048486,39.218977621953
OP626130,Monkeypox virus,1.0,0.68359375,0.60546875,76.141239921203,24.93621381325,11.986048486,39.218977621953
OP604525,Monkeypox virus,1.0,0.68359375,0.6015625,76.141239921203,24.93621381325,11.986048486,39.218977621953
OP612678,Monkeypox virus,1.0,0.6796875,0.6015625,76.141239921203,24.93621381325,11.986048486,39.218977621953
OP580157,Monkeypox virus,1.0,0.68359375,0.6015625,76.141239921203,24.93621381325,11.986048486,39.218977621953
OP536738,Monkeypox virus,1.0,0.6875,0.6015625,76.141239921203,24.93621381325,11.986048486,39.218977621953
OP523987,Monkeypox virus,1.0,0.68359375,0.6015625,76.141239921203,24.93621381325,11.986048486,39.218977621953
OP524004,Monkeypox virus,1.0,0.68359375,0.6015625,76.141239921203,24.93621381325,11.986048486,39.218977621953
OP484670,Monkeypox virus,1.0,0.68359375,0.6015625,76.141239921203,24.93621381325,11.986048486,39.218977621953
OP431825,Monkeypox virus,1.0,0.68359375,0.60546875,76.141239921203,24.93621381325,11.986048486,39.218977621953
OP431829,Monkeypox virus,1.0,0.68359375,0.60546875,76.141239921203,24.93621381325,11.986048486,39.218977621953
OP422340,Monkeypox virus,1.0,0.68359375,0.60546875,76.141239921203,24.93621381325,11.986048486,39.218977621953
OP415241,Monkeypox virus,1.0,0.68359375,0.60546875,76.141239921203,24.93621381325,11.986048486,39.218977621953
OP415264,Monkeypox virus,1.0,0.68359375,0.60546875,76.141239921203,24.93621381325,11.986048486,39.218977621953
OP331335,Monkeypox virus,1.0,0.68359375,0.6015625,76.141239921203,24.93621381325,11.986048486,39.218977621953
OP339846,Monkeypox virus,1.0,0.68359375,0.6015625,76.141239921203,24.93621381325,11.986048486,39.218977621953
OP339849,Monkeypox virus,1.0,0.68359375,0.6015625,76.141239921203,24.93621381325,11.986048486,39.218977621953
OP303781,Monkeypox virus,1.0,0.6796875,0.6015625,76.141239921203,24.93621381325,11.986048486,39.218977621953
OP257263,Monkeypox virus,1.0,0.68359375,0.60546875,76.141239921203,24.93621381325,11.986048486,39.218977621953
OP215220,Monkeypox virus,1.0,0.68359375,0.60546875,76.141239921203,24.93621381325,11.986048486,39.218977621953
OP215245,Monkeypox virus,1.0,0.68359375,0.6015625,76.141239921203,24.93621381325,11.986048486,39.218977621953
OP215248,Monkeypox virus,1.0,0.68359375,0.6015625,76.141239921203,24.93621381325,11.986048486,39.218977621953
OP215265,Monkeypox virus,1.0,0.68359375,0.60546875,76.141239921203,24.93621381325,11.986048486,39.218977621953
OP133004,Monkeypox virus,1.0,0.68359375,0.60546875,76.141239921203,24.93621381325,11.986048486,39.218977621953
OP062232,Monkeypox virus,1.0,0.68359375,0.60546875,76.141239921203,24.93621381325,11.986048486,39.218977621953
ON929090,Monkeypox virus,1.0,0.68359375,0.6015625,76.141239921203,24.93621381325,11.986048486,39.218977621953
ON880511,Monkeypox virus,1.0,0.6796875,0.6015625,76.141239921203,24.93621381325,11.986048486,39.218977621953
ON880538,Monkeypox virus,1.0,0.68359375,0.6015625,76.141239921203,24.93621381325,11.986048486,39.218977621953
ON853668,Monkeypox virus,1.0,0.68359375,0.60546875,76.141239921203,24.93621381325,11.986048486,39.218977621953
ON853669,Monkeypox virus,1.0,0.68359375,0.60546875,76.141239921203,24.93621381325,11.986048486,39.218977621953
ON813260,Monkeypox virus,1.0,0.68359375,0.6015625,76.141239921203,24.93621381325,11.986048486,39.218977621953
ON803438,Monkeypox virus,1.0,0.68359375,0.6015625,76.141239921203,24.93621381325,11.986048486,39.218977621953
ON754985,Monkeypox virus,1.0,0.67578125,0.60546875,76.141239921203,24.93621381325,11.986048486,39.218977621953
ON754986,Monkeypox virus,1.0,0.6796875,0.60546875,76.141239921203,24.93621381325,11.986048486,39.218977621953
ON755256,Monkeypox virus,1.0,0.68359375,0.6015625,76.141239921203,24.93621381325,11.986048486,39.218977621953
ON649723,Monkeypox virus,1.0,0.6796875,0.6015625,76.141239921203,24.93621381325,11.986048486,39.218977621953
MT903337,Monkeypox virus,1.0,0.6640625,0.60546875,76.141239921203,24.93621381325,11.986048486,39.218977621953
MT903341,Monkeypox virus,1.0,0.6875,0.6015625,76.141239921203,24.93621381325,11.986048486,39.218977621953
MK783028,Monkeypox virus,1.0,0.66015625,0.60546875,76.141239921203,24.93621381325,11.986048486,39.218977621953
JX878407,Monkeypox virus,1.0,0.671875,0.6015625,76.141239921203,24.93621381325,11.986048486,39.218977621953
KJ473821,BtVs-BetaCoV/SC2013,0.0,0.2060546875,0.65234375,71.644275146263,19.328289352667,18.200154933667,34.11583085993
KY765684,Mamastrovirus 5,0.0,0.1669921875,0.65625,61.250832805977,20.063450222667,18.200154933667,22.987227649643
KP862744,Mamastrovirus 1,1.0,0.18359375,0.66796875,71.13590256931,21.863958549,14.575816308667,34.696127711643
KC285152,Mamastrovirus 1,1.0,0.1689453125,0.65625,71.13590256931,21.863958549,14.575816308667,34.696127711643
OQ579036,Human mastadenovirus G,0.0,0.263671875,0.5703125,73.230267434287,20.941019481,18.200154933667,34.08909301962
LC791124,Human mastadenovirus F,1.0,0.265625,0.578125,70.164009643953,20.941019481,15.133897143333,34.08909301962
LC791141,Human mastadenovirus F,1.0,0.263671875,0.57421875,70.164009643953,20.941019481,15.133897143333,34.08909301962
LC791143,Human mastadenovirus F,1.0,0.2578125,0.57421875,70.164009643953,20.941019481,15.133897143333,34.08909301962
LC791176,Human mastadenovirus F,1.0,0.263671875,0.578125,70.164009643953,20.941019481,15.133897143333,34.08909301962
LC791177,Human mastadenovirus F,1.0,0.2578125,0.578125,70.164009643953,20.941019481,15.133897143333,34.08909301962
ON815881,Human mastadenovirus F,1.0,0.265625,0.57421875,70.164009643953,20.941019481,15.133897143333,34.08909301962
ON815882,Human mastadenovirus F,1.0,0.265625,0.57421875,70.164009643953,20.941019481,15.133897143333,34.08909301962
ON815883,Human mastadenovirus F,1.0,0.265625,0.578125,70.164009643953,20.941019481,15.133897143333,34.08909301962
ON815884,Human mastadenovirus F,1.0,0.263671875,0.57421875,70.164009643953,20.941019481,15.133897143333,34.08909301962
ON815885,Human mastadenovirus F,1.0,0.265625,0.57421875,70.164009643953,20.941019481,15.133897143333,34.08909301962
ON815887,Human mastadenovirus F,1.0,0.263671875,0.57421875,70.164009643953,20.941019481,15.133897143333,34.08909301962
ON815888,Human mastadenovirus F,1.0,0.263671875,0.57421875,70.164009643953,20.941019481,15.133897143333,34.08909301962
ON815889,Human mastadenovirus F,1.0,0.265625,0.57421875,70.164009643953,20.941019481,15.133897143333,34.08909301962
ON815890,Human mastadenovirus F,1.0,0.263671875,0.578125,70.164009643953,20.941019481,15.133897143333,34.08909301962
ON815891,Human mastadenovirus F,1.0,0.265625,0.57421875,70.164009643953,20.941019481,15.133897143333,34.08909301962
ON815893,Human mastadenovirus F,1.0,0.265625,0.57421875,70.164009643953,20.941019481,15.133897143333,34.08909301962
ON815894,Human mastadenovirus F,1.0,0.265625,0.578125,70.164009643953,20.941019481,15.133897143333,34.08909301962
MT791000,Human mastadenovirus F,1.0,0.25390625,0.5703125,70.164009643953,20.941019481,15.133897143333,34.08909301962
MT791001,Human mastadenovirus F,1.0,0.263671875,0.57421875,70.164009643953,20.941019481,15.133897143333,34.08909301962
MK883610,Human mastadenovirus F,1.0,0.26171875,0.57421875,70.164009643953,20.941019481,15.133897143333,34.08909301962
MK883611,Human mastadenovirus F,1.0,0.251953125,0.57421875,70.164009643953,20.941019481,15.133897143333,34.08909301962
MK962806,Human mastadenovirus F,1.0,0.271484375,0.5703125,70.164009643953,20.941019481,15.133897143333,34.08909301962
MK962807,Human mastadenovirus F,1.0,0.26953125,0.56640625,70.164009643953,20.941019481,15.133897143333,34.08909301962
MK962808,Human mastadenovirus F,1.0,0.265625,0.57421875,70.164009643953,20.941019481,15.133897143333,34.08909301962
MK962809,Human mastadenovirus F,1.0,0.26953125,0.57421875,70.164009643953,20.941019481,15.133897143333,34.08909301962
MK962810,Human mastadenovirus F,1.0,0.265625,0.57421875,70.164009643953,20.941019481,15.133897143333,34.08909301962
MK955315,Human mastadenovirus F,1.0,0.255859375,0.578125,70.164009643953,20.941019481,15.133897143333,34.08909301962
MK955316,Human mastadenovirus F,1.0,0.25390625,0.58203125,70.164009643953,20.941019481,15.133897143333,34.08909301962
MK955317,Human mastadenovirus F,1.0,0.255859375,0.58203125,70.164009643953,20.941019481,15.133897143333,34.08909301962
MK955318,Human mastadenovirus F,1.0,0.2578125,0.578125,70.164009643953,20.941019481,15.133897143333,34.08909301962
MK955319,Human mastadenovirus F,1.0,0.255859375,0.58203125,70.164009643953,20.941019481,15.133897143333,34.08909301962
PQ154720,Fowl aviadenovirus E,0.0,0.259765625,0.58203125,55.3673236545,18.450720094333,13.608512328333,23.308091231833
PQ117788,Fowl aviadenovirus E,0.0,0.26171875,0.56640625,55.3673236545,18.450720094333,13.608512328333,23.308091231833
PQ117789,Fowl aviadenovirus E,0.0,0.259765625,0.57421875,55.3673236545,18.450720094333,13.608512328333,23.308091231833
PQ179264,Fowl aviadenovirus E,0.0,0.263671875,0.56640625,55.3673236545,18.450720094333,13.608512328333,23.308091231833
PP764304,Fowl aviadenovirus E,0.0,0.255859375,0.58203125,55.3673236545,18.450720094333,13.608512328333,23.308091231833
PP236873,Fowl aviadenovirus E,0.0,0.263671875,0.5703125,55.3673236545,18.450720094333,13.608512328333,23.308091231833
OR975470,Fowl aviadenovirus E,0.0,0.259765625,0.578125,55.3673236545,18.450720094333,13.608512328333,23.308091231833
OQ225144,Fowl aviadenovirus E,0.0,0.255859375,0.578125,55.3673236545,18.450720094333,13.608512328333,23.308091231833
OM868084,Fowl aviadenovirus E,0.0,0.263671875,0.5703125,55.3673236545,18.450720094333,13.608512328333,23.308091231833
OM868085,Fowl aviadenovirus E,0.0,0.259765625,0.5703125,55.3673236545,18.450720094333,13.608512328333,23.308091231833
MW544162,Fowl aviadenovirus E,0.0,0.259765625,0.57421875,55.3673236545,18.450720094333,13.608512328333,23.308091231833
MN417117,Fowl aviadenovirus E,0.0,0.263671875,0.5703125,55.3673236545,18.450720094333,13.608512328333,23.308091231833
MN226943,Fowl aviadenovirus E,0.0,0.251953125,0.58203125,55.3673236545,18.450720094333,13.608512328333,23.308091231833
MK572852,Fowl aviadenovirus E,0.0,0.255859375,0.578125,55.3673236545,18.450720094333,13.608512328333,23.308091231833
MK572853,Fowl aviadenovirus E,0.0,0.2578125,0.5703125,55.3673236545,18.450720094333,13.608512328333,23.308091231833
MK572854,Fowl aviadenovirus E,0.0,0.259765625,0.5703125,55.3673236545,18.450720094333,13.608512328333,23.308091231833
MK572855,Fowl aviadenovirus E,0.0,0.255859375,0.58203125,55.3673236545,18.450720094333,13.608512328333,23.308091231833
MK572856,Fowl aviadenovirus E,0.0,0.255859375,0.578125,55.3673236545,18.450720094333,13.608512328333,23.308091231833
MK572857,Fowl aviadenovirus E,0.0,0.263671875,0.578125,55.3673236545,18.450720094333,13.608512328333,23.308091231833
MK572858,Fowl aviadenovirus E,0.0,0.263671875,0.5703125,55.3673236545,18.450720094333,13.608512328333,23.308091231833
MK572859,Fowl aviadenovirus E,0.0,0.255859375,0.578125,55.3673236545,18.450720094333,13.608512328333,23.308091231833
MK572860,Fowl aviadenovirus E,0.0,0.255859375,0.578125,55.3673236545,18.450720094333,13.608512328333,23.308091231833
MK572861,Fowl aviadenovirus E,0.0,0.2578125,0.58203125,55.3673236545,18.450720094333,13.608512328333,23.308091231833
MK572862,Fowl aviadenovirus E,0.0,0.2578125,0.57421875,55.3673236545,18.450720094333,13.608512328333,23.308091231833
MK572863,Fowl aviadenovirus E,0.0,0.255859375,0.578125,55.3673236545,18.450720094333,13.608512328333,23.308091231833
MK572864,Fowl aviadenovirus E,0.0,0.267578125,0.578125,55.3673236545,18.450720094333,13.608512328333,23.308091231833
MK572865,Fowl aviadenovirus E,0.0,0.259765625,0.58203125,55.3673236545,18.450720094333,13.608512328333,23.308091231833
MK387061,Fowl aviadenovirus E,0.0,0.26171875,0.5703125,55.3673236545,18.450720094333,13.608512328333,23.308091231833
KX077988,Fowl aviadenovirus E,0.0,0.2578125,0.57421875,55.3673236545,18.450720094333,13.608512328333,23.308091231833
KX258422,Fowl aviadenovirus E,0.0,0.259765625,0.57421875,55.3673236545,18.450720094333,13.608512328333,23.308091231833
GU734104,Fowl aviadenovirus E,0.0,0.259765625,0.5703125,55.3673236545,18.450720094333,13.608512328333,23.308091231833
OP125537,Cowpox virus,1.0,0.625,0.625,74.64995075262,24.542036133667,18.904492833333,31.20342178562
OP125538,Cowpox virus,1.0,0.64453125,0.62109375,74.64995075262,24.542036133667,18.904492833333,31.20342178562
OP125539,Cowpox virus,1.0,0.6484375,0.61328125,74.64995075262,24.542036133667,18.904492833333,31.20342178562
OP125540,Cowpox virus,0.0,0.64453125,0.61328125,74.64995075262,24.542036133667,18.904492833333,31.20342178562
OP125541,Cowpox virus,0.0,0.66015625,0.6171875,74.64995075262,24.542036133667,18.904492833333,31.20342178562
OM460002,Cowpox virus,1.0,0.65625,0.61328125,74.64995075262,24.542036133667,18.904492833333,31.20342178562
LR812035,Cowpox virus,0.0,0.66015625,0.609375,74.64995075262,24.542036133667,18.904492833333,31.20342178562
MK035746,Cowpox virus,1.0,0.6171875,0.625,74.64995075262,24.542036133667,18.904492833333,31.20342178562
MK035747,Cowpox virus,0.0,0.63671875,0.6171875,74.64995075262,24.542036133667,18.904492833333,31.20342178562
MK035748,Cowpox virus,0.0,0.640625,0.6171875,74.64995075262,24.542036133667,18.904492833333,31.20342178562
MK035749,Cowpox virus,0.0,0.64453125,0.62109375,74.64995075262,24.542036133667,18.904492833333,31.20342178562
MK035750,Cowpox virus,1.0,0.6484375,0.6171875,74.64995075262,24.542036133667,18.904492833333,31.20342178562
MK035751,Cowpox virus,0.0,0.61328125,0.62109375,74.64995075262,24.542036133667,18.904492833333,31.20342178562
MK035752,Cowpox virus,0.0,0.64453125,0.61328125,74.64995075262,24.542036133667,18.904492833333,31.20342178562
MK035753,Cowpox virus,1.0,0.64453125,0.6171875,74.64995075262,24.542036133667,18.904492833333,31.20342178562
MK035754,Cowpox virus,0.0,0.6328125,0.6171875,74.64995075262,24.542036133667,18.904492833333,31.20342178562
MK035755,Cowpox virus,1.0,0.6484375,0.6171875,74.64995075262,24.542036133667,18.904492833333,31.20342178562
MK035756,Cowpox virus,0.0,0.66015625,0.61328125,74.64995075262,24.542036133667,18.904492833333,31.20342178562
MK035757,Cowpox virus,0.0,0.6328125,0.61328125,74.64995075262,24.542036133667,18.904492833333,31.20342178562
MK035758,Cowpox virus,0.0,0.671875,0.609375,74.64995075262,24.542036133667,18.904492833333,31.20342178562
MK035759,Cowpox virus,1.0,0.640625,0.6171875,74.64995075262,24.542036133667,18.904492833333,31.20342178562
LT993226,Cowpox virus,1.0,0.6640625,0.61328125,74.64995075262,24.542036133667,18.904492833333,31.20342178562
LT993228,Cowpox virus,0.0,0.62109375,0.6171875,74.64995075262,24.542036133667,18.904492833333,31.20342178562
LT993230,Cowpox virus,0.0,0.63671875,0.6171875,74.64995075262,24.542036133667,18.904492833333,31.20342178562
LT993231,Cowpox virus,0.0,0.640625,0.6171875,74.64995075262,24.542036133667,18.904492833333,31.20342178562
LT993232,Cowpox virus,1.0,0.625,0.61328125,74.64995075262,24.542036133667,18.904492833333,31.20342178562
KY569018,Cowpox virus,0.0,0.62109375,0.6171875,74.64995075262,24.542036133667,18.904492833333,31.20342178562
KY569019,Cowpox virus,0.0,0.625,0.62109375,74.64995075262,24.542036133667,18.904492833333,31.20342178562
KY569020,Cowpox virus,0.0,0.640625,0.6171875,74.64995075262,24.542036133667,18.904492833333,31.20342178562
KY569021,Cowpox virus,0.0,0.62109375,0.6171875,74.64995075262,24.542036133667,18.904492833333,31.20342178562
KY569022,Cowpox virus,0.0,0.640625,0.61328125,74.64995075262,24.542036133667,18.904492833333,31.20342178562
LT896718,Cowpox virus,0.0,0.66015625,0.61328125,74.64995075262,24.542036133667,18.904492833333,31.20342178562
LT896719,Cowpox virus,0.0,0.65234375,0.61328125,74.64995075262,24.542036133667,18.904492833333,31.20342178562
LT896720,Cowpox virus,1.0,0.62890625,0.609375,74.64995075262,24.542036133667,18.904492833333,31.20342178562
LT896721,Cowpox virus,0.0,0.63671875,0.609375,74.64995075262,24.542036133667,18.904492833333,31.20342178562
LT896722,Cowpox virus,0.0,0.640625,0.6171875,74.64995075262,24.542036133667,18.904492833333,31.20342178562
LT896723,Cowpox virus,0.0,0.671875,0.609375,74.64995075262,24.542036133667,18.904492833333,31.20342178562
LT896724,Cowpox virus,0.0,0.66015625,0.61328125,74.64995075262,24.542036133667,18.904492833333,31.20342178562
LT896725,Cowpox virus,0.0,0.625,0.625,74.64995075262,24.542036133667,18.904492833333,31.20342178562
LT896726,Cowpox virus,0.0,0.6328125,0.61328125,74.64995075262,24.542036133667,18.904492833333,31.20342178562
LT896727,Cowpox virus,0.0,0.62109375,0.62109375,74.64995075262,24.542036133667,18.904492833333,31.20342178562
LT896728,Cowpox virus,0.0,0.6484375,0.6171875,74.64995075262,24.542036133667,18.904492833333,31.20342178562
LT896729,Cowpox virus,0.0,0.63671875,0.61328125,74.64995075262,24.542036133667,18.904492833333,31.20342178562
LT896730,Cowpox virus,0.0,0.62890625,0.609375,74.64995075262,24.542036133667,18.904492833333,31.20342178562
LT896731,Cowpox virus,0.0,0.6171875,0.6171875,74.64995075262,24.542036133667,18.904492833333,31.20342178562
LT896732,Cowpox virus,0.0,0.6328125,0.6171875,74.64995075262,24.542036133667,18.904492833333,31.20342178562
LT896733,Cowpox virus,0.0,0.625,0.61328125,74.64995075262,24.542036133667,18.904492833333,31.20342178562
KY549143,Cowpox virus,0.0,0.65625,0.62109375,74.64995075262,24.542036133667,18.904492833333,31.20342178562
KY549144,Cowpox virus,0.0,0.59765625,0.625,74.64995075262,24.542036133667,18.904492833333,31.20342178562
KY549145,Cowpox virus,0.0,0.625,0.62109375,74.64995075262,24.542036133667,18.904492833333,31.20342178562
KY549146,Cowpox virus,0.0,0.6171875,0.6171875,74.64995075262,24.542036133667,18.904492833333,31.20342178562
KY549147,Cowpox virus,0.0,0.640625,0.61328125,74.64995075262,24.542036133667,18.904492833333,31.20342178562
KY549148,Cowpox virus,0.0,0.62109375,0.6171875,74.64995075262,24.542036133667,18.904492833333,31.20342178562
KY549149,Cowpox virus,0.0,0.6171875,0.625,74.64995075262,24.542036133667,18.904492833333,31.20342178562
KY549150,Cowpox virus,0.0,0.61328125,0.6171875,74.64995075262,24.542036133667,18.904492833333,31.20342178562
KY549151,Cowpox virus,0.0,0.66015625,0.61328125,74.64995075262,24.542036133667,18.904492833333,31.20342178562
KY463519,Cowpox virus,0.0,0.66015625,0.6171875,74.64995075262,24.542036133667,18.904492833333,31.20342178562
KY369926,Cowpox virus,1.0,0.609375,0.625,74.64995075262,24.542036133667,18.904492833333,31.20342178562
LN879483,Cowpox virus,0.0,0.65234375,0.61328125,74.64995075262,24.542036133667,18.904492833333,31.20342178562
LN864565,Cowpox virus,0.0,0.62890625,0.6171875,74.64995075262,24.542036133667,18.904492833333,31.20342178562
LN864566,Cowpox virus,0.0,0.6328125,0.61328125,74.64995075262,24.542036133667,18.904492833333,31.20342178562
HQ407377,Cowpox virus,0.0,0.62890625,0.6171875,74.64995075262,24.542036133667,18.904492833333,31.20342178562
HQ420893,Cowpox virus,1.0,0.62890625,0.62109375,74.64995075262,24.542036133667,18.904492833333,31.20342178562
HQ420894,Cowpox virus,1.0,0.640625,0.6171875,74.64995075262,24.542036133667,18.904492833333,31.20342178562
HQ420895,Cowpox virus,0.0,0.61328125,0.625,74.64995075262,24.542036133667,18.904492833333,31.20342178562
HQ420896,Cowpox virus,1.0,0.6328125,0.62109375,74.64995075262,24.542036133667,18.904492833333,31.20342178562
HQ420897,Cowpox virus,1.0,0.63671875,0.6171875,74.64995075262,24.542036133667,18.904492833333,31.20342178562
HQ420898,Cowpox virus,0.0,0.625,0.6171875,74.64995075262,24.542036133667,18.904492833333,31.20342178562
HQ420899,Cowpox virus,1.0,0.6640625,0.61328125,74.64995075262,24.542036133667,18.904492833333,31.20342178562
HQ420900,Cowpox virus,0.0,0.65625,0.6171875,74.64995075262,24.542036133667,18.904492833333,31.20342178562
OQ297712,Bat coronavirus HKU10,0.0,0.1357421875,0.69140625,66.361974596847,22.161255699583,18.055436229667,26.145282667597
OQ297722,Bat coronavirus HKU10,0.0,0.1484375,0.69140625,66.361974596847,22.161255699583,18.055436229667,26.145282667597
OQ297723,Bat coronavirus HKU10,0.0,0.14453125,0.69140625,66.361974596847,22.161255699583,18.055436229667,26.145282667597
OQ297725,Bat coronavirus HKU10,0.0,0.146484375,0.67578125,66.361974596847,22.161255699583,18.055436229667,26.145282667597
OQ297726,Bat coronavirus HKU10,0.0,0.15234375,0.69140625,66.361974596847,22.161255699583,18.055436229667,26.145282667597
OQ297728,Bat coronavirus HKU10,0.0,0.1572265625,0.67578125,66.361974596847,22.161255699583,18.055436229667,26.145282667597
GU190215,Bat coronavirus BM48-31/BGR/2008,0.0,0.1591796875,0.671875,64.26953031918,23.548431342917,14.575816308667,26.145282667597
NC_048211,Wencheng Sm shrew coronavirus,0.0,0.1357421875,0.75390625,69.88291474618,26.386533748583,17.35109833,26.145282667597
NC_035191,Wencheng Sm shrew coronavirus,0.0,0.1513671875,0.7421875,69.88291474618,26.386533748583,17.35109833,26.145282667597
