host,kmer,count_high,count_low,freq_high,freq_low,log2_fc,odds_ratio,p_fisher,fdr_bh
0,AATAG,2444,985,0.0027020811774175002,0.00020679127748093374,3.707823772381885,13.09940126278802,0.0,0.0
0,ATTAG,1961,887,0.0021680774095399827,0.00018621711992445505,3.5413586421586793,11.66586387458871,0.0,0.0
0,AAATT,3252,1908,0.003595404250802664,0.0004005662512016463,3.166041206218688,9.004583942315307,0.0,0.0
0,ATAGA,2351,1399,0.0025992605761491583,0.0002937065961378947,3.14565369548083,8.87031126725899,0.0,0.0
0,AGATT,1524,908,0.001684931143365086,0.00019062586797227192,3.1438738168399887,8.85217317194843,0.0,0.0
0,ATTGG,1977,1287,0.00218576697534959,0.0002701932732162048,3.016075936178604,8.105172711620721,0.0,0.0
0,AGAAA,4493,2939,0.004967451198910323,0.0006170147863111313,3.0091288241739,8.085980718115252,0.0,0.0
0,ATAGG,1487,991,0.0016440240224303694,0.00020805091978030998,2.9822228021586827,7.913392961713646,0.0,0.0
0,AATTA,1929,1286,0.0021326982779207686,0.00026998333283297543,2.9817376194035257,7.914115863893662,0.0,0.0
0,TAATA,1575,1098,0.001741316634383209,0.00023051454078585305,2.9172488921889146,7.5654750553913,0.0,0.0
0,ATACA,1970,1376,0.0021780277903078868,0.0002888779673236191,2.9144902786594433,7.553886551679676,0.0,0.0
0,AATTG,1884,1327,0.002082946374081248,0.00027859088854537974,2.9024057131062184,7.490239919648109,0.0,0.0
0,AATAC,2025,1440,0.0022388356727784118,0.0003023141518502991,2.888628215551448,7.420032905781179,0.0,0.0
0,GATTA,1451,1051,0.0016042224993587533,0.00022064734277407245,2.8620599678149614,7.2806026483292445,0.0,0.0
0,ATTAT,1685,1237,0.0018629323993242586,0.0002596962540547361,2.8426782096615053,7.185027374068617,0.0,0.0
0,AAAGA,4421,3295,0.00488784815276709,0.0006917535627407885,2.8208693906177995,7.095675442660901,0.0,0.0
0,CAAAT,2175,1622,0.0024046753522434794,0.0003405233015980452,2.820016701118984,7.076317306773954,0.0,0.0
0,AAAAG,4205,3139,0.004649039014337393,0.0006590028629570061,2.8185758930310536,7.08293658821282,0.0,0.0
0,AAAAT,3729,2814,0.0041227744315015784,0.0005907722384074594,2.8029415897945418,7.003369647011096,0.0,0.0
0,ACAGA,3870,2944,0.004278663730198742,0.0006180644882272781,2.7913310163272786,6.948131768812227,0.0,0.0
0,TTAGA,1791,1364,0.0019801257728129062,0.0002863586827248666,2.789696812001856,6.926579910451923,0.0,0.0
0,AGATA,2152,1642,0.002379246601392169,0.0003447221092626327,2.7869990705496397,6.916001954466929,0.0,0.0
0,AGACA,3324,2571,0.0036750072969458964,0.0005397567252827214,2.767365893005946,6.830061938769744,0.0,0.0
0,GAATA,1841,1433,0.002035405665967929,0.0003008445691676934,2.7582261363506273,6.777398069114322,0.0,0.0
0,TGGCA,2192,1723,0.002423470515916187,0.000361727280304212,2.7441002166920794,6.7135639487394565,0.0,0.0
0,AGAAT,2111,1660,0.0023339170890050503,0.0003485010361607614,2.7435184569408464,6.710343680521102,0.0,0.0
0,AGGGA,2961,2335,0.003273675272640433,0.0004902107948405891,2.7394370614277657,6.696746367581633,0.0,0.0
0,TAGAT,1749,1382,0.0019336906625626875,0.00029013760962299536,2.7365477926565767,6.675711382902174,0.0,0.0
0,AAATA,2814,2257,0.003111152386764667,0.00047383544494869793,2.714991030813246,6.583262442446328,0.0,0.0
0,CAATA,1415,1162,0.001564420976287137,0.000243950725312533,2.680967102672578,6.421337679726957,0.0,0.0
0,TATTA,1468,1223,0.001623017663031461,0.00025675708868952484,2.6602026829353624,6.329868987090887,0.0,0.0
0,ATAGT,1366,1139,0.0015102466809952149,0.0002391220964982574,2.6589648548535005,6.323837564356965,0.0,0.0
0,TATGG,1465,1222,0.0016197008694421595,0.00025654714830629545,2.6584314981076393,6.32208295184134,0.0,0.0
0,AAAGG,2843,2384,0.00314321472479458,0.0005004978736188285,2.650804984141383,6.2968250401642845,0.0,0.0
0,ATACT,1345,1135,0.0014870291258701055,0.0002382823349653399,2.6416889935308836,6.248422965748576,0.0,0.0
0,AAATG,2603,2197,0.002877871237650472,0.00046123902195493543,2.6414155627038234,6.2545576790717465,0.0,0.0
0,TGAAT,1257,1072,0.0013897365139172659,0.0002250560908218893,2.626454861940012,6.1822693191888884,0.0,0.0
0,ATAAT,1491,1272,0.0016484464138827712,0.0002670441674677642,2.625956705821363,6.181476858685316,0.0,0.0
0,ATTCA,1397,1207,0.0015445202147513289,0.00025339804255785487,2.60768146324467,6.103115273609457,0.0,0.0
0,GGATT,1531,1335,0.0016926703284067892,0.0002802704116112148,2.5944096599792292,6.0479631070150335,0.0,0.0
0,TGTAA,1568,1378,0.0017335774493415059,0.00028929784809007787,2.5831247906057886,6.001031737249576,0.0,0.0
0,TGCTA,1478,1309,0.0016340736416624653,0.00027481196164725106,2.571956291183589,5.95424740966273,0.0,0.0
0,GCTAT,1448,1284,0.001600905705769452,0.00026956345206651666,2.5701915188596582,5.946802003230072,0.0,0.0
0,GAATT,1589,1421,0.0017567950044666155,0.00029832528456894095,2.5579876894405174,5.89746105016072,0.0,0.0
0,AATGG,1753,1594,0.0019381130540150893,0.0003346449708676227,2.533949486551876,5.800854518089698,0.0,0.0
0,AATCA,1830,1670,0.0020232440894738237,0.0003506004399930552,2.5287706657576736,5.780469404908402,0.0,0.0
0,ACAAT,1596,1457,0.0017645341895083184,0.00030588313836519843,2.528234893608499,5.777083981350177,0.0,0.0
0,AAGAA,5305,4857,0.005865196663747889,0.0010196804413450712,2.5240623869590806,5.78003068620045,0.0,0.0
0,GCTAA,1357,1257,0.0015002963002273108,0.00026389506171932355,2.5072111898425757,5.692240111761746,0.0,0.0
0,CTATT,1240,1177,0.0013709413502445583,0.0002470998310609736,2.4720009187991714,5.554371204135933,0.0,0.0
1,TGTTA,9304,1495,0.003328684718746892,0.0010804443191755378,1.6233275044160709,3.0877976190154617,0.0,0.0
1,TTGTT,9213,1638,0.0032961277207453907,0.0011837911670966763,1.4773575482051946,2.7902837670283205,0.0,0.0
1,TGTTG,8824,1587,0.0031569554985191933,0.001146933200355571,1.4607525548855043,2.7580692097405235,0.0,0.0
1,TTATG,8535,1598,0.0030535601971737663,0.0011548829578879663,1.4027456371405598,2.6490785576590525,0.0,0.0
1,CCACC,1616,2679,0.000578155041433252,0.001936127311753355,-1.7436454884102002,0.29820842112565393,0.0,0.0
1,GGAGG,1397,2983,0.0004998035847043646,0.0021558297017395516,-2.1088100617782457,0.2314540349007591,0.0,0.0
1,CCAGC,1105,2419,0.00039533497573251454,0.00174822395189674,-2.144742503946882,0.22582914474276627,0.0,0.0
1,GCAGC,1259,2762,0.0004504314338889012,0.0019961118458614287,-2.1478131411286827,0.22530545972911376,0.0,0.0
1,GCTCC,787,1838,0.0002815643673316642,0.0013283322131402266,-2.238079328813602,0.21174639070969645,0.0,0.0
1,CTCCT,802,1877,0.0002869309054637798,0.0013565177171187188,-2.2411326114812735,0.2112939007362039,0.0,0.0
1,TGGGG,756,1797,0.00027047352185862535,0.0012987012987012987,-2.263510372135598,0.20805041043651779,0.0,0.0
1,CAGCG,830,2017,0.00029694844331039556,0.001457696449349204,-2.2954059455797946,0.2034742272618335,0.0,0.0
1,ACCGC,850,2096,0.00030410382748654967,0.0015147901625364062,-2.3164820737905187,0.2005132781112764,0.0,0.0
1,GGCGT,677,1707,0.0002422097543628166,0.0012336578279817012,-2.3486134217356134,0.19613992818929227,0.0,0.0
1,CGCTG,763,2031,0.0002729779063202793,0.0014678143225722526,-2.426813380229298,0.18575350378057967,0.0,0.0
1,CTGGG,645,1734,0.00023076113968097003,0.0012531708691975803,-2.4411109348803706,0.1839534882721698,0.0,0.0
1,CTCGC,588,1581,0.00021036829477893084,0.0011425969689742644,-2.441327408996517,0.18394249929332504,0.0,0.0
1,TGCGC,648,1780,0.00023183444730739316,0.001286415309787597,-2.47218962493748,0.18002732141015468,0.0,0.0
1,CCGCT,577,1642,0.00020643283348204607,0.0011866819880175473,-2.523189004429185,0.17378744952100875,0.0,0.0
1,GCGCT,670,1983,0.00023970536990116267,0.0014331244715218004,-2.579829778941587,0.16706101745022844,0.0,0.0
1,GGGGT,513,1553,0.00018353560411835291,0.0011223612225281674,-2.6124051992748987,0.16337277240195253,0.0,0.0
1,TGGCG,539,1636,0.00019283760354735325,0.0011823457566362409,-2.616193670997856,0.16293605426488245,0.0,0.0
1,CGCAG,678,2086,0.00024256752357162433,0.0015075631102342288,-2.6357600814626054,0.1606968229927436,0.0,0.0
1,AAGCG,423,1392,0.00015133637532565943,0.0010060056804631096,-2.7328077416996392,0.15030433339512983,0.0,0.0
1,CTCCC,448,1475,0.00016028060554585207,0.0010659902145711828,-2.7335224165011023,0.15022221817898423,0.0,0.0
1,CGCCT,462,1563,0.00016528937446915994,0.0011295882748303448,-2.7727311212023085,0.14618597185984528,0.0,0.0
1,CGACG,453,1584,0.0001620694515898906,0.0011447650846649177,-2.820367479461734,0.1414352717429226,0.0,0.0
1,GCGCA,569,2001,0.00020357067981158442,0.00144613316566572,-2.8285987105796466,0.14059402262895407,0.0,0.0
1,ACGGG,388,1372,0.00013881445301738973,0.0009915515758587546,-2.8365300221175116,0.13987781142492314,0.0,0.0
1,CGCGA,449,1588,0.00016063837475465976,0.0011476559055857887,-2.8368016617476934,0.1398326759857253,0.0,0.0
1,GGACG,406,1443,0.00014525429877592844,0.001042863647204215,-2.8438977658270312,0.1391590344598404,0.0,0.0
1,GCCCA,357,1358,0.00012772360754435087,0.000981433702635706,-2.9418655974599877,0.13002870630982655,0.0,0.0
1,AGCGC,488,1857,0.00017459137389816027,0.0013420636125143638,-2.9423988622540644,0.12993982259606957,0.0,0.0
1,CGGAG,357,1363,0.00012772360754435087,0.0009850472287867948,-2.947167680015073,0.12955124319085085,0.0,0.0
1,GCGGT,433,1776,0.0001549140674137365,0.0012835244888667258,-3.0505707505043325,0.12055804469336145,0.0,0.0
1,GGCCG,378,1632,0.00013523676092931267,0.0011794549357153697,-3.124561015375504,0.11454064165956644,0.0,0.0
1,CCCCG,290,1319,0.0001037530705542346,0.0009532481986572137,-3.199697853914793,0.10874914196196869,0.0,0.0
1,CGGCC,366,1724,0.0001309435304236202,0.001245943816895403,-3.2502223180150946,0.10497865750886903,0.0,0.0
1,CCGAC,280,1324,0.00010017537846615754,0.0009568617248083024,-3.255782484038108,0.1046018963810449,0.0,0.0
1,AGCCG,317,1509,0.00011341283919204264,0.0010905621923985864,-3.265416156059243,0.10389320859400242,0.0,0.0
1,TCCGC,305,1470,0.00010911960868635018,0.001062376688420094,-3.283313102480054,0.10261480648375133,0.0,0.0
1,GCGGA,302,1518,0.00010804630105992706,0.0010970665394705462,-3.3439294311226866,0.09838913652996187,0.0,0.0
1,GGCGG,425,2191,0.00015205191374327484,0.0015834471594070925,-3.380432836457908,0.09588841241479715,0.0,0.0
1,TCGCG,286,1527,0.00010232199371900377,0.001103570886542506,-3.4309911042960137,0.09262615994917803,0.0,0.0
1,GACGC,272,1459,9.731322479569589e-05,0.0010544269308876988,-3.43767942028032,0.09220181414372071,0.0,0.0
1,GCGGC,414,2231,0.00014811645244639006,0.0016123553686158026,-3.444365938969129,0.09172887399607446,0.0,0.0
1,GGGCG,324,1801,0.00011591722365369658,0.0013015921196221697,-3.489110558753966,0.08895241898950824,0.0,0.0
1,CCCCC,259,1496,9.266222508119572e-05,0.0010811670244057557,-3.544464265035886,0.08562101641001608,0.0,0.0
1,GCCGG,285,1659,0.00010196422451019607,0.001198967976931249,-3.5556581560278224,0.08495002362581927,0.0,0.0
1,CGGTC,194,1137,6.940722650869487e-05,0.000821715846757583,-3.565481784744696,0.08440266486664229,0.0,0.0
